month,year,month_number,start_date,end_date,bank_name,no_atms_on_site,no_atms_off_site,no_pos_on_line,no_pos_off_line,no_credit_cards,no_credit_card_atm_txn,no_credit_card_pos_txn,no_credit_card_atm_txn_value_in_mn,no_credit_card_pos_txn_value_in_mn,no_debit_cards,no_debit_card_atm_txn,no_debit_card_pos_txn,no_debit_card_atm_txn_value_in_mn,no_debit_card_pos_txn_value_in_mn
November,2011,11,01-11-2011,30-11-2011,BANK OF BARODA,1242,580,4332,0,70776,2046,72198,1.5,190.4,7307099,6715369,462172,25166.7,695.3
November,2011,11,01-11-2011,30-11-2011,STATE BANK OF INDIA,11894,9731,0,0,2124747,21969,3111008,101.47,6030.76,84954000,150942000,5076000,402888,7461.3
November,2011,11,01-11-2011,30-11-2011,HDFC BANK LTD,3301,3537,160689,0,5428560,60670,6398578,382.017,21076.6,14636241,22853025,5691266,94313.5,8481.43
November,2011,11,01-11-2011,30-11-2011,ICICI BANK LTD,2984,4432,143700,4335,2956176,8414,4241764,45.0255,9534.98,15542959,23584485,4265145,102347,7022.6
November,2011,11,01-11-2011,30-11-2011,AXIS BANK LTD,1856,6236,191982,0,711768,8177,726776,23.277,1927.8,11472497,43710716,2469012,99702.3,4103.9
October,2011,10,01-10-2011,31-10-2011,BANK OF BARODA,1232,582,4360,0,70843,1715,80948,1.6,223.3,7156478,7114838,507555,27547.1,923.2
October,2011,10,01-10-2011,31-10-2011,STATE BANK OF INDIA,11894,9731,0,0,2112399,22766,3422634,103.509,7396.86,83188000,165870000,5522000,436933,10237.1
October,2011,10,01-10-2011,31-10-2011,HDFC BANK LTD,3263,3437,154854,0,5379671,62491,7159652,393.847,24619.6,14391592,25082453,6254422,104919,10038.9
October,2011,10,01-10-2011,31-10-2011,ICICI BANK LTD,2956,4188,140824,4192,2996874,9051,4742669,47.3351,11952,15902251,25654707,5209877,112730,9880.07
October,2011,10,01-10-2011,31-10-2011,AXIS BANK LTD,1835,5991,191379,0,702149,8562,781562,25.353,2210.92,11205040,47596452,2749498,105826,5370.22
September,2011,9,01-09-2011,30-09-2011,BANK OF BARODA,1215,585,4393,0,70851,2631,69725,0.8,184.9,7715488,5806952,396462,21145.7,627.4
September,2011,9,01-09-2011,30-09-2011,STATE BANK OF INDIA,11894,9731,0,0,2107105,22008,2980112,96.0091,5909.21,81796000,147711000,5029000,380441,7321
September,2011,9,01-09-2011,30-09-2011,HDFC BANK LTD,3222,3298,149950,0,5374542,56990,6248345,341.774,19994.2,14138219,22415249,5270180,90842.4,7450.24
September,2011,9,01-09-2011,30-09-2011,ICICI BANK LTD,2943,3970,138524,4133,3025176,8346,4230492,44.443,9598.16,16231163,23600035,4335292,100026,6881.49
September,2011,9,01-09-2011,30-09-2011,AXIS BANK LTD,1826,5765,190860,0,682791,8364,692255,24.0624,1805.11,11007770,42027635,2339732,93082.9,3965.6
August,2011,8,01-08-2011,31-08-2011,BANK OF BARODA,1217,582,4364,0,71367,2863,80650,9,205.7,6870992,6421457,449568,23596.6,700.3
August,2011,8,01-08-2011,31-08-2011,STATE BANK OF INDIA,11758,9677,0,0,2093907,22483,3233804,103.249,6443.44,83997000,151138000,5185000,394416,8256.9
August,2011,8,01-08-2011,31-08-2011,HDFC BANK LTD,3197,3172,144251,0,5352280,59710,6697422,351.402,20895.6,13911500,22452495,5523811,91654.1,8096.91
August,2011,8,01-08-2011,31-08-2011,ICICI BANK LTD,2934,3820,146529,4045,3038046,8878,4686780,45.915,10699.3,16284369,23847778,4825031,102941,8030.42
August,2011,8,01-08-2011,31-08-2011,AXIS BANK LTD,1810,5501,190338,0,671524,7552,721447,22.6268,1856.63,10872350,41947019,2524573,92872.1,4341.6
July,2011,7,01-07-2011,31-07-2011,BANK OF BARODA,1206,579,4365,0,71621,2800,79112,1.2,213.7,6719673,6422908,420933,23467.8,640.2
July,2011,7,01-07-2011,31-07-2011,STATE BANK OF INDIA,11412,9555,0,0,2083890,21316,2960077,97.6072,5752.57,78883000,151958000,4885000,400427,7517.9
July,2011,7,01-07-2011,31-07-2011,HDFC BANK LTD,3141,3061,138373,0,5275750,53651,6230129,313.049,19847.7,13632717,22550312,5629294,91712.7,8120.95
July,2011,7,01-07-2011,31-07-2011,ICICI BANK LTD,2917,3666,184725,4015,3120228,8656,4351180,46.5464,9600.86,16319078,24112296,4510541,103885,7186.4
July,2011,7,01-07-2011,31-07-2011,AXIS BANK LTD,1809,5306,189218,0,657679,7274,640076,22.071,1613.82,10678793,41059964,2274488,90867.1,3841.9
June,2011,6,01-06-2011,30-06-2011,BANK OF BARODA,1087,570,4343,0,71792,3157,71772,3,199.3,6578257,6161846,347077,22745.4,552.6
June,2011,6,01-06-2011,30-06-2011,STATE BANK OF INDIA,11132,9318,0,0,2068948,20134,2828490,90.3381,5524.52,76977000,141650000,4753000,387198,6614
June,2011,6,01-06-2011,30-06-2011,HDFC BANK LTD,3068,2930,134114,0,5177786,52384,5700902,306.63,18606.5,13733568,21387996,4877210,86995,7128.41
June,2011,6,01-06-2011,30-06-2011,ICICI BANK LTD,2867,3558,182551,3949,3194674,8948,4153628,46.1352,9322.74,16340328,23623639,4054158,101054,6599.02
June,2011,6,01-06-2011,30-06-2011,AXIS BANK LTD,1784,5087,187142,0,648346,7201,589455,22.7216,1498.36,10510389,38154334,2085447,86393.3,3597.73
May,2011,5,01-05-2011,31-05-2011,BANK OF BARODA,1044,563,4513,0,72032,2953,74379,3.2,212.7,6443043,6423411,371508,23950.5,629.2
May,2011,5,01-05-2011,31-05-2011,STATE BANK OF INDIA,10967,9318,0,0,2059392,21343,2957662,96.0485,6117.24,75488000,144580000,4613000,391778,7695.1
May,2011,5,01-05-2011,31-05-2011,HDFC BANK LTD,2957,2839,128924,0,5099106,53220,5873844,311.896,20188.9,13465958,21851725,4972650,88963.7,7642.98
May,2011,5,01-05-2011,31-05-2011,ICICI BANK LTD,2734,3567,180655,3880,3266549,9658,4560952,51.4632,10751.3,16143713,27290567,4281904,119925,7432.49
May,2011,5,01-05-2011,31-05-2011,AXIS BANK LTD,1769,4818,186783,0,640926,6811,602385,22.4261,1614.93,10330392,39281481,2173612,90972.1,3970.89
April,2011,4,01-04-2011,30-04-2011,BANK OF BARODA,1018,561,4537,0,70221,3050,70341,3.2,195.2,6313713,6074724,329175,22062.5,533.4
April,2011,4,01-04-2011,30-04-2011,STATE BANK OF INDIA,10962,9318,0,0,2088515,21508,2737188,95.6024,5482.24,73134000,144809000,4219000,367726,6616.2
April,2011,4,01-04-2011,30-04-2011,HDFC BANK LTD,2837,2787,125179,0,5089800,50701,5344558,298.969,17822.8,13207311,21263901,4606216,85278.8,6873.01
April,2011,4,01-04-2011,30-04-2011,ICICI BANK LTD,2724,3467,178960,3861,3361684,9256,4088258,47.5939,9238.91,16041986,24485090,3908668,105031,6478.02
April,2011,4,01-04-2011,30-04-2011,AXIS BANK LTD,1745,4595,186708,0,634499,6432,569770,20.7131,1455.11,10165381,39149622,1980268,87918.6,3433.02
December,2011,12,01-12-2011,31-12-2011,BANK OF BARODA,1251,587,4340,248,70686,1003,80301,3.4,209.9,7460813,9687594,507771,24879.2,778.3
December,2011,12,01-12-2011,31-12-2011,STATE BANK OF INDIA,11971,9803,0,0,2145084,22426,3327385,105.409,6695.65,86508000,162978000,5643000,433886,8840.9
December,2011,12,01-12-2011,31-12-2011,HDFC BANK LTD,3363,3747,166145,0,5496726,64080,7163111,407.364,23390,13722502,24876045,5510860,102816,8558.88
December,2011,12,01-12-2011,31-12-2011,ICICI BANK LTD,2991,4611,144906,4526,2892502,8039,4376919,42.5906,10041.6,15696191,25609879,4838468,111464,8100.93
December,2011,12,01-12-2011,31-12-2011,AXIS BANK LTD,1463,6861,193838,0,723403,7667,809061,24.4,2191,11785316,47773303,2704309,109941,4576.3
January,2012,1,01-01-2012,31-01-2012,BANK OF BARODA,1275,600,4140,410,70148,955,75988,3.25859,198.107,7631818,7212245,555922,27390.6,855.2
January,2012,1,01-01-2012,31-01-2012,STATE BANK OF INDIA,11971,9803,0,0,2170566,25194,3531876,111.977,7188.87,87972000,162381000,5997000,430860,9246.3
January,2012,1,01-01-2012,31-01-2012,HDFC BANK LTD,3463,3883,172475,0,5568418,65392,7589316,410.728,24481.2,13918980,24071217,5488282,100021,8516.12
January,2012,1,01-01-2012,31-01-2012,ICICI BANK LTD,2999,4953,151976,4874,2868629,9100,4885062,47.3421,11280.9,15954381,24740449,5052612,107439,8507.15
January,2012,1,01-01-2012,31-01-2012,AXIS BANK LTD,1487,6988,196143,0,736578,7144,887338,21.8,2328.7,12030692,48058836,2876972,110343,4862.6
February,2012,2,01-02-2012,29-02-2012,BANK OF BARODA,1322,611,4310,248,67785,948,74278,3.32896,194.104,7799438,6939684,530848,26908.6,759.4
February,2012,2,01-02-2012,29-02-2012,STATE BANK OF INDIA,11971,9803,0,0,2198742,43404,3219979,117.813,6544.43,89402000,158268000,5713000,422697,7971.4
February,2012,2,01-02-2012,29-02-2012,HDFC BANK LTD,3641,3993,177288,0,5595199,64665,6711082,413.48,23089,14158558,23767676,5158212,99859,7607.8
February,2012,2,01-02-2012,29-02-2012,ICICI BANK LTD,3010,5330,153509,5302,2860560,8006,4231777,42.2053,9691.12,16164470,23895310,4350470,104669,7122.1
February,2012,2,01-02-2012,29-02-2012,AXIS BANK LTD,1517,7227,198297,0,750914,5759,824036,17.7288,2273.59,12266063,47988154,2595259,109571,4226.1
March,2012,3,01-03-2012,31-03-2012,BANK OF BARODA,1372,640,4296,248,69529,959,79224,3.5,206,7968242,7735365,578914,30067.6,783.8
March,2012,3,01-03-2012,31-03-2012,STATE BANK OF INDIA,12198,9943,0,0,2225141,29110,3517581,140,7110,90978000,173401000,6287000,452028,8439.6
March,2012,3,01-03-2012,31-03-2012,HDFC BANK LTD,3823,5090,183769,0,5602439,68877,7443931,440,25100,14293166,26397135,5725396,111430,8270
March,2012,3,01-03-2012,31-03-2012,ICICI BANK LTD,3032,5974,155879,5483,2844705,8668,4416638,50,10180,16364517,26468981,4698492,116840,7610
March,2012,3,01-03-2012,31-03-2012,AXIS BANK LTD,2058,7866,202316,0,778885,7768,948032,23.3263,2748.92,12499090,47803047,2837151,107912,4461.3
April,2012,4,01-04-2012,30-04-2012,BANK OF BARODA,1381,646,4264,248,69396,933,78954,3.3,218.1,8107169,7579304,579954,29994,850.3
April,2012,4,01-04-2012,30-04-2012,STATE BANK OF INDIA,12246,9988,0,0,2253422,27387,3584436,12.5466,7647.95,92377000,169098000,5743000,456284,8777.4
April,2012,4,01-04-2012,30-04-2012,HDFC BANK LTD,3850,5223,183331,0,5649796,69360,7616056,445.027,25981.2,14495275,25450308,5768433,107128,8783.64
April,2012,4,01-04-2012,30-04-2012,ICICI BANK LTD,3041,6175,160745,5634,2833357,8876,4724850,46.5991,11310.4,16468894,25436148,5375808,112215,9414.76
April,2012,4,01-04-2012,30-04-2012,AXIS BANK LTD,2070,8063,202712,0,787352,7300,995431,21.4267,2921.15,12688593,40279807,2930960,93086.2,4899.2
May,2012,5,01-05-2012,31-05-2012,BANK OF BARODA,1410,662,4117,248,69044,897,79979,3.2,212.7,8261179,7950871,611434,31299.9,873.6
May,2012,5,01-05-2012,31-05-2012,STATE BANK OF INDIA,12325,10057,0,0,2287605,28159,3752198,128.105,7828.96,93710000,170184000,6123000,471231,9009.8
May,2012,5,01-05-2012,31-05-2012,HDFC BANK LTD,3873,5460,184343,0,5719770,69202,7694073,442.953,26097.7,14777535,26683750,5954437,112557,8856.62
May,2012,5,01-05-2012,31-05-2012,ICICI BANK LTD,3070,6283,162737,5728,2822328,8316,4657925,43.7146,10952.7,16647338,26389773,5482796,115357,9490.85
May,2012,5,01-05-2012,31-05-2012,AXIS BANK LTD,2074,8208,202981,0,803812,7524,1031109,22,2987.2,12945814,42284207,3037791,97575.9,4933.1
June,2012,6,01-06-2012,30-06-2012,BANK OF BARODA,1449,681,4062,0,68649,908,82164,3,220.4,8425637,7825447,633853,31462,893.4
June,2012,6,01-06-2012,30-06-2012,STATE BANK OF INDIA,12327,10142,0,0,2321906,27308,3750132,124.945,7707.49,96263000,166292000,6567000,480831,9369.3
June,2012,6,01-06-2012,30-06-2012,HDFC BANK LTD,3905,5804,191161,0,5798919,71951,7728750,473.411,25489.8,15066441,26737013,6140501,113880,9030.61
June,2012,6,01-06-2012,30-06-2012,ICICI BANK LTD,3074,6292,164786,5875,2821023,8281,4461879,41.891,10415.6,16847873,25638070,5629927,112469,9460.8
June,2012,6,01-06-2012,30-06-2012,AXIS BANK LTD,2096,8241,204072,0,824410,6859,1028537,20.1,2975.6,13050960,24670694,3046754,102296,4955.5
July,2012,7,01-07-2012,31-07-2012,BANK OF BARODA,1477,695,4047,0,68325,964,88809,3.4,225.2,8610951,7963797,686496,31388.4,962.48
July,2012,7,01-07-2012,31-07-2012,STATE BANK OF INDIA,12385,10145,0,0,2353687,28560,4249580,131.958,8881.34,96960000,173025000,7591000,477196,10586.1
July,2012,7,01-07-2012,31-07-2012,HDFC BANK LTD,3951,6128,198837,0,5881376,75071,8807388,479.608,28186.6,15364694,27392214,6661628,115557,9744.92
July,2012,7,01-07-2012,31-07-2012,ICICI BANK LTD,3041,6365,168329,6101,2802935,8286,5183197,42.5743,11808.4,17064450,26438082,6456742,114754,10847.8
July,2012,7,01-07-2012,31-07-2012,AXIS BANK LTD,2116,8241,205875,0,847970,6859,1192923,21.1049,3419.22,12904005,25321252,3370675,106508,5468.2
August,2012,8,01-08-2012,31-08-2012,BANK OF BARODA,1495,705,4011,0,68191,1191,89629,4.3,223.4,8787983,7981760,747083,30916,1026.1
August,2012,8,01-08-2012,31-08-2012,STATE BANK OF INDIA,12501,10152,0,0,2390367,30457,4265857,140,8940,98440000,167812000,7881000,455800,10757.1
August,2012,8,01-08-2012,31-08-2012,HDFC BANK LTD,3975,6260,206040,0,5942140,77691,8696648,500,27540,15637069,27750467,6812214,116560,9980
August,2012,8,01-08-2012,31-08-2012,ICICI BANK LTD,3130,6368,172766,6101,2799271,8327,4920122,40,11330,17283475,26282357,6423560,113340,10790
August,2012,8,01-08-2012,31-08-2012,AXIS BANK LTD,2139,8156,208027,0,871589,7353,1220120,20.7,3584.2,13126277,25283853,3453263,108107,5529.8
September,2012,9,01-09-2012,30-09-2012,BANK OF BARODA,1449,681,3603,0,68174,856,83241,3.2,217.3,8993722,8013493,680760,30628.7,936.589
September,2012,9,01-09-2012,30-09-2012,STATE BANK OF INDIA,12556,10211,21533,0,2420302,29755,3943216,138.367,8520,100035000,165265000,8037000,451729,11822.6
September,2012,9,01-09-2012,30-09-2012,HDFC BANK LTD,4008,6308,210781,0,6007467,72580,8241125,470.484,26767.7,15065007,28055076,6696787,117963,9775.69
September,2012,9,01-09-2012,30-09-2012,ICICI BANK LTD,3134,6872,176719,6291,2793705,7318,4512865,39.4306,10389.7,17468719,25388413,6064505,107383,9787.73
September,2012,9,01-09-2012,30-09-2012,AXIS BANK LTD,2153,8144,208164,0,901921,7343,1176203,21.5014,3557.1,13329015,25160036,3200786,105517,5044.4
April,2012,4,01-04-2012,30-04-2012,BANK OF BARODA,2027,0,1381,646,4264,248,4512,69396,933,78954,3.3,218.1,8107169,7579304
April,2012,4,01-04-2012,30-04-2012,STATE BANK OF INDIA,22234,0,12246,9988,0,0,0,2253422,27387,3584436,125.466,7647.95,92377000,169098000
April,2012,4,01-04-2012,30-04-2012,HDFC BANK LTD,9073,0,3850,5223,183331,0,148059,5649796,69360,7616056,445.027,25981.2,14495275,25450308
April,2012,4,01-04-2012,30-04-2012,ICICI BANK LTD,9216,0,3041,6175,160745,5634,137680,2833357,8876,4724850,46.5991,11310.4,16468894,25436148
April,2012,4,01-04-2012,30-04-2012,AXIS BANK LTD,10133,0,2070,8063,202712,0,155657,787352,7300,995431,21.4267,2921.15,12688593,40279807
November,2012,11,01-11-2012,30-11-2012,BANK OF BARODA,1548,721,3478,0,68426,856,91007,3.8,246.3,9350775,8417130,822545,34987.3,1284.494083
November,2012,11,01-11-2012,30-11-2012,STATE BANK OF INDIA,13166,10687,30783,0,2475812,29789,4566200,140.211,10675.48895,103446000,170901000,8130000,501174,13943.1
November,2012,11,01-11-2012,30-11-2012,HDFC BANK LTD,4077,6392,225115,0,6144804,73954,9105057,489.204,32389.20863,14653719,29643759,7223385,130733,12021.80221
November,2012,11,01-11-2012,30-11-2012,ICICI BANK LTD,3249,6781,183993,6519,2771657,7814,5025404,39.2849,12747.8644,17770962,27808172,6887108,126076,13082.21771
November,2012,11,01-11-2012,30-11-2012,AXIS BANK LTD,2182,8168,211886,0,966884,8481,1422861,28.1647,4423.1,13660782,26205462,3770423,115169,6990
December,2012,12,01-12-2012,31-12-2012,BANK OF BARODA,1552,736,5418,0,68344,1237,93874,3.9,236.2,9555947,8650455,889626,34759.3,1245.931693
December,2012,12,01-12-2012,31-12-2012,STATE BANK OF INDIA,13696,11056,33759,0,2502860,30836,4768659,140,10370,105104000,175302000,8687000,500828,12982.7
December,2012,12,01-12-2012,31-12-2012,HDFC BANK LTD,4124,6366,230973,0,6208875,77124,9883168,500,32580,14897289,30429476,7566251,132100,11650
December,2012,12,01-12-2012,31-12-2012,ICICI BANK LTD,3261,6779,188140,6599,2824532,8347,5319875,41.2,12632.7,18006486,28381632,7410856,126600,12510
December,2012,12,01-12-2012,31-12-2012,AXIS BANK LTD,2194,8169,212765,0,1003798,9629,1619422,29.6,4510.4,13635187,26163589,3818407,111168,6202.3
January,2013,1,01-01-2013,31-01-2013,BANK OF BARODA,1590,762,5436,0,78380,1336,95378,4.4,237.5,9743170,8714425,899802,35567.1,1265.15
January,2013,1,01-01-2013,31-01-2013,STATE BANK OF INDIA,14203,11472,39745,0,2520140,30753,4949078,150,10960,106997000,177053000,9109000,508098,13902.4
January,2013,1,01-01-2013,31-01-2013,HDFC BANK LTD,4197,6386,236926,0,6263856,78076,10100812,501.111,33375,15195073,28789331,7411651,125726,11383.2
January,2013,1,01-01-2013,31-01-2013,ICICI BANK LTD,3284,6756,187728,6689,2840802,8049,5375704,39.2,12880.8,18247453,27970119,7208651,125268,12243.2
January,2013,1,01-01-2013,31-01-2013,AXIS BANK LTD,2228,8163,214248,0,1036206,9428,1683222,30,4719.9,13958530,25994554,3840446,109202,6463.7
February,2013,2,01-02-2013,28-02-2013,BANK OF BARODA,1638,783,5446,0,80073,1136,85093,3.9,211,9965654,8206317,848462,33532.7,1095.49
February,2013,2,01-02-2013,28-02-2013,STATE BANK OF INDIA,14529,11735,48053,0,2544799,31381,4397023,160,9970,108666000,166975000,9023000,476511,11773.3
February,2013,2,01-02-2013,28-02-2013,HDFC BANK LTD,4254,6349,240727,0,6357237,69915,9160742,460.512,30087.1,15488194,27289943,6972023,119244,10205.9
February,2013,2,01-02-2013,28-02-2013,ICICI BANK LTD,3295,6762,187728,6689,2841337,7029,4564622,34.3,10677.5,18461001,26141359,6628304,117037,10839
February,2013,2,01-02-2013,28-02-2013,AXIS BANK LTD,2274,8255,214338,0,1070576,8632,1527107,28.2,4699.2,14151358,24105785,3538122,103314,5652.6
April,2013,4,01-04-2013,30-04-2013,BANK OF BARODA,1865,837,5499,0,80407,1323,90690,4.6,226.7,10477823,9534000,981716,40061.5,1373.59
April,2013,4,01-04-2013,30-04-2013,STATE BANK OF INDIA,15648,12626,74672,0,2598509,33560,5039611,160,12690,112240629,193041000,9941000,562598,16314.1
April,2013,4,01-04-2013,30-04-2013,HDFC BANK LTD,4410,6461,241246,0,6532818,82730,10374501,542.794,35837.4,16000583,30450447,7539002,133990,11767.9
April,2013,4,01-04-2013,30-04-2013,ICICI BANK LTD,3333,7263,238410,7008,2875459,8150,5241129,39.4,13941.7,18741998,28730671,7394571,131176,12962.2
April,2013,4,01-04-2013,30-04-2013,AXIS BANK LTD,2331,8908,216782,0,1108444,9214,1936645,31.7735,5845.47,14512108,26654823,4040047,113442,6884.85
March,2013,3,01-03-2013,31-03-2013,BANK OF BARODA,1790,840,5485,0,80208,1361,92784,4.5,231.2,10248562,9478057,943652,38256.1,1159.78
March,2013,3,01-03-2013,31-03-2013,STATE BANK OF INDIA,15037,12138,65514,0,2572777,34924,4713204,180,10750,110444000,190639000,10025000,535634,12531.8
March,2013,3,01-03-2013,31-03-2013,HDFC BANK LTD,4344,6399,242823,0,6557564,80587,10014020,533.131,32827.4,15758792,32680814,7994779,144152,11612.9
March,2013,3,01-03-2013,31-03-2013,ICICI BANK LTD,3322,7159,190973,6879,2866278,7746,5160914,40,12000,18583196,30461141,7395395,136000,11720
March,2013,3,01-03-2013,31-03-2013,AXIS BANK LTD,2297,8948,215646,0,1100895,8603,1685713,30.5,5682.7,14291676,27448471,3800629,116659,5714.7
May,2013,5,01-05-2013,31-05-2013,BANK OF BARODA,1923,856,5517,0,36703,1356,92388,4.7,233,10676082,9790800,1816295,41218.6,2604.82
May,2013,5,01-05-2013,31-05-2013,STATE BANK OF INDIA,16102,12994,82944,0,2625799,32674,5145442,160.935,12744.6,114198000,193282000,10015000,577399,15487.2
May,2013,5,01-05-2013,31-05-2013,HDFC BANK LTD,4486,6513,240890,0,6557548,82371,12497356,534.7,36736,16276037,31019823,7954381,135910,12238.8
May,2013,5,01-05-2013,31-05-2013,ICICI BANK LTD,3358,7407,242138,8865,2890772,8667,5493926,40.5,13671,18964754,29986378,7665669,137290,13253.1
May,2013,5,01-05-2013,31-05-2013,AXIS BANK LTD,2370,8877,218641,0,1107062,8606,1915130,31.1,5793.7,13992571,27017762,4007994,114931,6706.6
June,2013,6,01-06-2013,30-06-2013,BANK OF BARODA,2053,947,5570,0,79835,1238,95486,4.4,237.4,10859040,9233796,1946282,37931.8,2511.05
June,2013,6,01-06-2013,30-06-2013,STATE BANK OF INDIA,16674,13228,86617,0,2647693,33114,4896324,162.74,11611.5,116554000,183651000,10167000,545228,13893.2
June,2013,6,01-06-2013,30-06-2013,HDFC BANK LTD,4524,6564,245842,0,5940221,74540,12123119,497.315,33502.7,16572816,29926032,8064170,129721,11721.5
June,2013,6,01-06-2013,30-06-2013,ICICI BANK LTD,3421,7481,247339,8955,2954339,7003,5324969,30,12190,19203081,29252990,7596504,132150,11910
June,2013,6,01-06-2013,30-06-2013,AXIS BANK LTD,2386,9102,220616,0,1115425,7441,1867138,26.8,5786,14207177,26150035,3995834,110499,6127.9
July,2013,7,01-07-2013,31-07-2013,BANK OF BARODA,2219,999,5727,0,69913,1334,102798,4.5,243.9,11114420,9696101,1120983,39655,1360.71
July,2013,7,01-07-2013,31-07-2013,HDFC BANK LTD,4551,6614,246466,0,5467159,77671,13668380,507.565,35569.8,16497767,29604822,8263067,126564,11838.7
July,2013,7,01-07-2013,31-07-2013,ICICI BANK LTD,3527,7468,254322,9074,2981900,7557,6185634,40,13870,19587375,29311862,8671624,131240,13730
July,2013,7,01-07-2013,31-07-2013,AXIS BANK LTD,2390,9202,223971,0,1131877,8739,2271077,31.5382,6794.15,14408258,26417778,4687777,110419,7397.19
August,2013,8,01-08-2013,31-08-2013,BANK OF BARODA,3707,0,2505,1202,6402,0,70641,1349,103950,4.6,240.8,11346297,9898360,1326542
August,2013,8,01-08-2013,31-08-2013,STATE BANK OF INDIA,31749,0,17804,13945,101469,0,2701566,39043,5495472,190.653,13028.7,121463000,194442000,12991000
August,2013,8,01-08-2013,31-08-2013,HDFC BANK LTD,11150,0,4577,6573,239485,0,5019733,78473,13673238,519.938,35374,16457562,30188775,8820651
August,2013,8,01-08-2013,31-08-2013,ICICI BANK LTD,11058,0,3575,7483,257233,9156,2997260,6999,5841317,34.88,13012,20072379,29688271,8935213
September,2013,9,01-09-2013,30-09-2013,BANK OF BARODA,2776,1325,6807,0,70926,1290,97505,4.2,229.6,11604384,9868349,1323830,38895,1472.82
September,2013,9,01-09-2013,30-09-2013,HDFC BANK LTD,4607,6570,233740,0,5042297,74207,13254814,499.071,34870.1,16839269,29634445,8112916,124485,11416.8
September,2013,9,01-09-2013,30-09-2013,ICICI BANK LTD,3618,7480,261359,9248,3026665,7179,5976375,35.15,13217.7,20402458,30502832,8578230,132020,12920
September,2013,9,01-09-2013,30-09-2013,AXIS BANK LTD,2407,9389,236283,0,1173992,9777,2229233,35.7,6671.4,14691684,26590395,4602778,109578,6784.35
October,2013,10,01-10-2013,31-10-2013,BANK OF BARODA,3067,1436,7164,0,70478,1334,107722,4.4,268,12051502,11115540,1250675,46187.1,1591.4
October,2013,10,01-10-2013,31-10-2013,STATE BANK OF INDIA,18937,14881,110287,0,2738488,41017,5774647,207.685,14675.4,124741000,213221000,11627000,599142,17444.3
October,2013,10,01-10-2013,31-10-2013,HDFC BANK LTD,4634,6616,221100,0,5078034,74692,14143046,514.627,39176.7,17069491,32551612,8870976,140780,13905.1
October,2013,10,01-10-2013,31-10-2013,ICICI BANK LTD,3666,7469,227509,9315,3042232,7263,6433087,36.3,14690.8,20686662,33219639,9080921,148674,15006.5
October,2013,10,01-10-2013,31-10-2013,AXIS BANK LTD,2414,9478,238904,0,1227538,14761,2440814,52.1219,8088.64,13214787,29193369,4913204,123327,7910.12
November,2013,11,01-11-2013,30-11-2013,BANK OF BARODA,3294,1569,7584,0,71063,1323,101873,4.5,255.2,12465979,10224683,1161613,41966.8,1534.1
November,2013,11,01-11-2013,30-11-2013,STATE BANK OF INDIA,19687,15475,114406,0,2758042,42082,5439913,207.328,14069.2,127248000,203335000,11071000,584960,17048.8
November,2013,11,01-11-2013,30-11-2013,HDFC BANK LTD,4651,6694,223006,0,5117856,69096,13197140,467.465,37382.5,17297969,30426316,8425986,131875,13575.4
November,2013,11,01-11-2013,30-11-2013,ICICI BANK LTD,3692,7483,228686,9441,3094705,6633,5819504,31.6,13245.2,21014427,31328329,8783452,139124,15045
November,2013,11,01-11-2013,30-11-2013,AXIS BANK LTD,2430,9596,240150,0,1308672,13370,2257072,32.7319,7354.18,13590074,26774689,4608309,113823,7629.31
January,2014,1,01-01-2014,31-01-2014,BANK OF BARODA,3897,1708,9397,0,73263,1759,110502,5.3,271.2,13074332,11250311,1267107,46126.7,1582.4
January,2014,1,01-01-2014,31-01-2014,STATE BANK OF INDIA,20844,17549,114977,0,2805281,46101,5745208,209.148,15084.2,116827184,224013823,12303532,613484,18378.4
January,2014,1,01-01-2014,31-01-2014,HDFC BANK LTD,4685,6830,225086,0,5091024,83387,14463694,535.646,41477.8,17532616,30873218,8024823,134486,12402.3
January,2014,1,01-01-2014,31-01-2014,ICICI BANK LTD,3798,7448,273344,9694,3180401,8782,6614963,48,16846.1,21613061,32232448,8873491,143560,14752.6
January,2014,1,01-01-2014,31-01-2014,AXIS BANK LTD,2466,10125,243492,0,1324790,19097,2512726,66.454,8754.14,13541453,26907195,4676270,116188,7820.3
December,2013,12,01-12-2013,31-12-2013,BANK OF BARODA,3493,1628,8446,0,71921,1444,107455,4.5,259.9,12734620,10829774,1169538,43676.7,1386.82
December,2013,12,01-12-2013,31-12-2013,STATE BANK OF INDIA,20351,16389,113999,0,2777392,49103,5762489,226.602,14870.2,114004780,216277000,11958000,605819,17385.4
December,2013,12,01-12-2013,31-12-2013,HDFC BANK LTD,4675,6798,225144,0,5070574,81197,14433225,532.681,40427,17426713,31775652,7694636,136517,12222
December,2013,12,01-12-2013,31-12-2013,ICICI BANK LTD,3761,7454,269296,9551,3108352,8467,6761714,38.9,15228.2,21330502,32741496,8961095,144128,15006.1
December,2013,12,01-12-2013,31-12-2013,AXIS BANK LTD,2445,9883,243512,0,1310816,19072,2441218,65.5,7522.2,13359067,27475731,4432887,116300,7086.2
February,2014,2,01-02-2014,28-02-2014,BANK OF BARODA,4011,1866,10012,0,84264,1732,103586,5.7,468.4,13319468,10383523,1158662,43211,1384.1
February,2014,2,01-02-2014,28-02-2014,STATE BANK OF INDIA,21605,18303,119013,0,2828880,43254,5114554,194.527,13481.6,119734314,207785904,11149285,529966,15538.3
February,2014,2,01-02-2014,28-02-2014,AXIS BANK LTD,2475,10257,243245,0,1331175,18713,2331375,66.0498,8183.49,13396988,24334979,4252080,106471,6893.26
February,2014,2,01-02-2014,28-02-2014,HDFC BANK LTD,4629,6613,217601,0,5093927,78625,13022434,504.572,37387.1,17295713,28941299,7517528,127306,11237.9
February,2014,2,01-02-2014,28-02-2014,ICICI BANK LTD,3846,7445,276466,9853,3178293,8027,5893540,43.9,14858.6,22055140,30360777,8196491,136700,13286.3
April,2014,4,01-04-2014,30-04-2014,BANK OF BARODA,4255,2124,11707,0,77102,1842,115276,5.9,383.3,15209556,11827763,1381239,50744.9,1626.7
April,2014,4,01-04-2014,30-04-2014,STATE BANK OF INDIA,23326,20736,140628,0,2864512,49527,5831334,231.345,15566.7,123956748,229977715,12460514,587476,18395.6
April,2014,4,01-04-2014,30-04-2014,AXIS BANK LTD,2502,10534,247392,0,1413626,25874,2862284,88.8008,10339.9,13319212,24977967,4777568,121406,7753.1
April,2014,4,01-04-2014,30-04-2014,HDFC BANK LTD,4685,6626,212748,0,5186513,91509,14643830,584.297,42314.7,17602540,31117311,8440338,139090,12738.1
April,2014,4,01-04-2014,30-04-2014,ICICI BANK LTD,3890,7446,290898,10160,3207343,10002,6769295,53.4,17151.1,22452128,32865062,9286189,151723,15278.7
March,2014,3,01-03-2014,31-03-2014,BANK OF BARODA,4187,2067,10998,0,75548,1780,112816,6.1,336,14544809,11957979,1348186,49558.6,1537.5
March,2014,3,01-03-2014,31-03-2014,STATE BANK OF INDIA,23042,20473,135853,0,2858116,52102,5725442,248.18,14998.1,122223125,233020443,12655842,589201,17456.3
March,2014,3,01-03-2014,31-03-2014,AXIS BANK LTD,2495,10427,248482,0,1384836,22936,2616596,81.5389,10301.8,13319675,27298733,4871988,120670,7748.52
March,2014,3,01-03-2014,31-03-2014,HDFC BANK LTD,4666,6590,215524,0,5137406,89997,14879965,584.92,43425.5,17421882,33109642,8762349,148512,13101.9
March,2014,3,01-03-2014,31-03-2014,ICICI BANK LTD,3874,7441,283162,10004,3180205,10039,6711350,56.8,16789.4,22324142,34739105,9468453,158901,15072.4
May,2014,5,01-05-2014,31-05-2014,BANK OF BARODA,4283,2231,12101,0,77354,1842,115276,5.8,383.3,15630694,12246860,1454795,52625.2,1785.3
May,2014,5,01-05-2014,31-05-2014,STATE BANK OF INDIA,23516,20913,144015,0,2892883,49976,6046100,225.668,16433.6,122475099,233427456,12955489,623332,20747.6
May,2014,5,01-05-2014,31-05-2014,AXIS BANK LTD,2530,10290,246433,0,1435549,26339,2850836,92.8156,10599.6,13481986,25921056,4911422,117039,8344.16
May,2014,5,01-05-2014,31-05-2014,HDFC BANK LTD,4710,6671,211704,0,5233313,94159,15218157,600.82,44304.2,17728263,32847342,9215078,148679,14448.8
May,2014,5,01-05-2014,31-05-2014,ICICI BANK LTD,3935,7444,290847,10355,3251207,10246,6635331,55.3492,16063.3,22688915,36793900,9857247,169879,16717
June,2014,6,01-06-2014,30-06-2014,BANK OF BARODA,4317,2337,12360,0,77688,2528,119531,7.46732,298.862,16063987,12005121,1483763,50729.4,1724
June,2014,6,01-06-2014,30-06-2014,STATE BANK OF INDIA,23614,21315,146547,0,2915327,50226,6150831,227.62,16335.2,125909501,227243913,13062587,591998,20015.1
June,2014,6,01-06-2014,30-06-2014,AXIS BANK LTD,2552,10378,244088,0,1461977,26717,2887570,94.4814,9884.4,13702839,25020415,4955722,111597,8101.38
June,2014,6,01-06-2014,30-06-2014,HDFC BANK LTD,4746,6680,210694,0,5283335,95973,15438842,606.218,44247.9,17672996,31696097,9058238,141860,13685.8
June,2014,6,01-06-2014,30-06-2014,ICICI BANK LTD,3972,7475,296605,10534,3265552,11591,7356374,61.6881,17048.6,22952419,33558042,10135342,152681,16605
August,2014,8,01-08-2014,31-08-2014,BANK OF BARODA,4381,2483,11695,0,74906,2599,128037,8.57692,318.052,16630970,12581941,1748991,50892.6,2014.69
August,2014,8,01-08-2014,31-08-2014,STATE BANK OF INDIA,23626,21624,154569,0,2978344,56238,6525979,242.006,16951.5,131205815,239592769,15231114,595468,23302.5
August,2014,8,01-08-2014,31-08-2014,AXIS BANK LTD,2502,10534,239787,0,1510886,29017,3193677,105.366,10062,14244133,30364419,5470623,113698,8866.4
August,2014,8,01-08-2014,31-08-2014,HDFC BANK LTD,4779,6688,164401,0,5415870,100584,16332988,628.267,45266.6,17632382,33470815,10388413,149425,16270.4
August,2014,8,01-08-2014,31-08-2014,ICICI BANK LTD,4074,7500,231423,7207,3275983,12932,7334825,67.2028,17088.5,23520628,35025816,11355409,158088,18132
October,2014,10,01-10-2014,31-10-2014,BANK OF BARODA,4417,2641,12119,0,76303,2588,140569,8.22945,510.906,18278773,13257018,2016361,56859.5,2361.68
October,2014,10,01-10-2014,31-10-2014,STATE BANK OF INDIA,23629,21834,163010,0,2919667,59223,7202826,282.087,19874.9,127209369,249769303,16087715,623047,27577.8
October,2014,10,01-10-2014,31-10-2014,AXIS BANK LTD,2615,10555,240238,0,1503493,30939,3594203,116.454,11070,14648722,26889500,6190567,121848,10509.2
October,2014,10,01-10-2014,31-10-2014,HDFC BANK LTD,4844,6729,212107,0,5570464,111324,17332004,712.663,52290.9,18107790,34257055,11077977,157610,18270.7
October,2014,10,01-10-2014,31-10-2014,ICICI BANK LTD,4145,7674,304844,0,3309061,14659,7818446,76.2955,19020.8,24345178,36058228,12170586,168019,20263.8
September,2014,9,01-09-2014,30-09-2014,BANK OF BARODA,4421,2604,11886,0,75533,2478,120404,7.43804,369.62,17232729,12968107,1726281,53083.2,1849.94
September,2014,9,01-09-2014,30-09-2014,STATE BANK OF INDIA,23629,21762,159158,0,2890390,58593,6472031,277.416,16966.2,126864109,246078098,14522570,614302,21467.3
September,2014,9,01-09-2014,30-09-2014,AXIS BANK LTD,2586,10560,239459,0,1538379,30415,3247349,110.445,10580.1,14445286,25318145,5509526,113735,8644.43
September,2014,9,01-09-2014,30-09-2014,HDFC BANK LTD,4808,6707,209376,0,5490084,107524,15866931,679.975,43783.1,17897406,31982274,9590095,144261,14359.8
September,2014,9,01-09-2014,30-09-2014,ICICI BANK LTD,4110,7629,301621,7201,3318158,13058,7245528,66.1369,17116.4,23936756,33853982,10747245,154290,16740.4
July,2014,7,01-07-2014,31-07-2014,BANK OF BARODA,4357,2448,12353,0,74338,2418,124823,7.07362,322.454,14463778,12514854,1662569,52102,1892.67
July,2014,7,01-07-2014,31-07-2014,STATE BANK OF INDIA,23623,21474,126831,0,2947973,53392,6374279,238.466,16565.3,128439885,241814460,14754039,618556,21742
July,2014,7,01-07-2014,31-07-2014,AXIS BANK LTD,2566,10348,246433,0,1476979,28604,3282917,99.9314,10495.3,13968338,25887754,5313202,115515,8702.15
July,2014,7,01-07-2014,31-07-2014,HDFC BANK LTD,4756,6676,210009,0,5339608,97404,16341415,614.135,45339.7,17416309,32461106,9563648,145126,14586.8
July,2014,7,01-07-2014,31-07-2014,ICICI BANK LTD,4010,7522,304866,10773,3276132,11777,7416850,61.1421,17146.4,23285333,34522995,10845364,156162,17453.8
November,2014,11,01-11-2014,30-11-2014,BANK OF BARODA,4435,2713,12368,0,76960,2814,128831,8.54857,405.987,19672508,12616483,1960198,53024.9,2019.5
November,2014,11,01-11-2014,30-11-2014,STATE BANK OF INDIA,23629,21819,169033,0,2962224,102269,5044316,694.624,14420.3,138301010,234842234,15380216,600485,22705
November,2014,11,01-11-2014,30-11-2014,AXIS BANK LTD,2599,10359,241453,0,1532528,30400,3206553,114.528,10070.7,14755200,24448313,5661028,113583,8500.31
November,2014,11,01-11-2014,30-11-2014,HDFC BANK LTD,4848,6743,215942,0,5654492,108816,15930826,694.779,46185.3,18308814,31301968,10693666,147862,16236.3
November,2014,11,01-11-2014,30-11-2014,ICICI BANK LTD,4140,7821,303450,0,3281855,13958,7379424,74.6873,17395.2,24811685,33169786,11653083,157039,18119.5
December,2014,12,01-12-2014,31-12-2014,BANK OF BARODA,4497,2812,12562,0,77879,2846,140841,9.69401,540.105,21139326,13228096,2030200,54972.2,2140.55
December,2014,12,01-12-2014,31-12-2014,STATE BANK OF INDIA,23629,21925,181310,0,3009541,103721,5995692,672.02,16756.2,147521342,248969377,16240872,620170,24327.1
December,2014,12,01-12-2014,31-12-2014,AXIS BANK LTD,2620,10254,243334,0,1587348,36933,3842866,138.206,12336.5,14880856,24571696,6210916,115344,9627.87
December,2014,12,01-12-2014,31-12-2014,HDFC BANK LTD,4868,6765,235485,0,5748412,124415,18009719,758.067,52251.5,20099155,31614787,11019007,151265,17086.4
December,2014,12,01-12-2014,31-12-2014,ICICI BANK LTD,4162,7929,198452,0,3279651,16077,8494381,79.9528,20186.8,25214856,34142348,12248909,161642,19639
January,2015,1,01-01-2015,31-01-2015,BANK OF BARODA,4590,2899,12714,0,79317,2826,142413,9.36683,395.025,22620927,13522113,2124632,56155.3,2219.42
January,2015,1,01-01-2015,31-01-2015,STATE BANK OF INDIA,23629,22103,185440,0,3058673,64780,7422408,282.251,19575.6,151116000,252938382,15917946,641664,24236.9
January,2015,1,01-01-2015,31-01-2015,AXIS BANK LTD,2636,9729,244956,0,1630021,37344,3845907,144.615,12961.6,14948668,24350996,6154646,117422,9746.81
January,2015,1,01-01-2015,31-01-2015,HDFC BANK LTD,4887,6735,239910,0,5842913,126109,17947247,752.465,53780.1,20885249,31439384,11151245,152379,17633.1
January,2015,1,01-01-2015,31-01-2015,ICICI BANK LTD,4179,8043,225019,0,3293842,15946,8143616,80.1935,19527.3,26727257,33992002,12793751,162789,20172.1
February,2015,2,01-02-2015,28-02-2015,BANK OF BARODA,4661,2997,12991,0,80536,2963,126203,10.306,354.676,23978451,13180924,1921920,54859,1911.15
February,2015,2,01-02-2015,28-02-2015,STATE BANK OF INDIA,23629,21985,190218,0,3101198,60610,6621420,264.306,18075,156616049,239025108,14813419,449631,5628.23
February,2015,2,01-02-2015,28-02-2015,AXIS BANK LTD,2646,9722,242925,0,1673219,33897,3435410,134.775,12054.8,15375158,22156393,5510461,108955,8347.36
February,2015,2,01-02-2015,28-02-2015,HDFC BANK LTD,4932,6747,241887,0,5931042,110929,15602279,687.941,46500.6,20794575,29431449,10288412,143060,15234.8
February,2015,2,01-02-2015,28-02-2015,ICICI BANK LTD,4190,8117,225143,0,3308259,15328,7275279,76.8721,17276.8,27260477,31596350,11294934,151696,17021.6
March,2015,3,01-03-2015,31-03-2015,BANK OF BARODA,4803,3227,13651,0,82535,2985,140514,10.6605,399.07,25345978,14667943,2174710,60265.7,2119.94
March,2015,3,01-03-2015,31-03-2015,STATE BANK OF INDIA,16384,29118,200878,0,3158032,75158,7621279,344.051,21342.8,160667620,258184051,16509423,636593,22374
March,2015,3,01-03-2015,31-03-2015,AXIS BANK LTD,2662,9693,248786,0,1736892,39918,3975918,158.395,14169,14303201,24110090,6242742,118671,9667.59
March,2015,3,01-03-2015,31-03-2015,HDFC BANK LTD,5015,6751,244991,0,5973188,134345,17970090,824.743,53190.1,21630195,32621787,11582587,159472,17067
March,2015,3,01-03-2015,31-03-2015,ICICI BANK LTD,4217,8234,221663,0,3329101,18640,8578861,94.153,19777.2,27637868,34601905,12703969,166616,19211.1
April,2015,4,01-04-2015,30-04-2015,BANK OF BARODA,4819,3283,14193,0,83771,3269,145705,12.0914,406.573,26290091,14688302,2228409,62103.8,2249.96
April,2015,4,01-04-2015,30-04-2015,STATE BANK OF INDIA,17585,27922,208247,0,3199000,70474,7835632,321.92,21506.6,162062455,258068793,19063649,660463,25514.3
April,2015,4,01-04-2015,30-04-2015,AXIS BANK LTD,2674,9606,246412,0,1769020,40159,4045701,158.298,13324,14312761,23523272,6312204,117175,9792.27
April,2015,4,01-04-2015,30-04-2015,HDFC BANK LTD,5096,6741,243888,0,6023037,133613,18188579,813.415,54004.3,22227105,32041281,12044987,155670,17947.8
April,2015,4,01-04-2015,30-04-2015,ICICI BANK LTD,4255,8358,213594,0,3346174,18697,8435464,96.7182,19603.5,28398921,33524583,12968719,162821,20047
May,2015,5,01-05-2015,31-05-2015,BANK OF BARODA,4832,3355,12319,0,84330,3564,156067,12.5278,469.963,26893025,15397765,2520427,64379.6,2415.89
May,2015,5,01-05-2015,31-05-2015,STATE BANK OF INDIA,17553,28329,211666,0,3242563,70508,8275635,321.346,22571,165488040,263711689,21642228,681033,27237.1
May,2015,5,01-05-2015,31-05-2015,AXIS BANK LTD,2682,9593,245614,0,1777760,40115,4216678,160.88,13959.1,13300621,24456580,6721113,121155,10577.7
May,2015,5,01-05-2015,31-05-2015,HDFC BANK LTD,5160,6747,247701,0,6125419,137924,19313259,826.712,56503.3,22762592,34009521,13368953,165535,19761.7
May,2015,5,01-05-2015,31-05-2015,ICICI BANK LTD,4284,8444,206712,0,3340121,19564,8692136,107.479,20585.8,28644105,35281362,14265941,171125,21453.5
June,2015,6,01-06-2015,30-06-2015,BANK OF BARODA,4861,3430,12766,0,85706,3891,149845,14.1519,363.731,27450308,15105866,2399951,62138.1,2243.74
June,2015,6,01-06-2015,30-06-2015,STATE BANK OF INDIA,17953,28446,215942,0,3270386,66360,8442109,294.656,21975.6,163035039,257195206,21290052,630046,25624.3
June,2015,6,01-06-2015,30-06-2015,AXIS BANK LTD,2684,9495,249312,0,1801473,40499,4463680,0,0,14418177,23289966,6988949,113537,10332.3
June,2015,6,01-06-2015,30-06-2015,HDFC BANK LTD,5202,6760,251465,0,6239680,139556,19670942,828.352,56706.7,23241546,32869241,12706599,155617,17898
June,2015,6,01-06-2015,30-06-2015,ICICI BANK LTD,4315,8496,204281,0,3357422,20929,8523100,106.301,20192.5,29686431,33055029,13243036,158926,19656.2
August,2015,8,01-08-2015,31-08-2015,BANK OF BARODA,5855,3641,15810,0,91278,3942,172571,13.7874,402.172,28485304,16395392,2792503,63896.3,2746.39
August,2015,8,01-08-2015,31-08-2015,STATE BANK OF INDIA,18747,28664,231622,0,3360708,74198,8819383,339.72,23299.8,170814933,278213595,23944805,658945,30333.3
August,2015,8,01-08-2015,31-08-2015,AXIS BANK LTD,2675,9560,248711,0,1902173,44558,4692069,169.918,14459.9,15076804,24456958,7449680,115338,11241.5
August,2015,8,01-08-2015,31-08-2015,HDFC BANK LTD,5301,6474,262020,0,6481871,149933,21124152,854.013,63044,24110197,34499960,14675523,163017,21588.8
August,2015,8,01-08-2015,31-08-2015,ICICI BANK LTD,4357,8561,203682,0,3393431,24355,8888931,122.001,21245.2,30219855,35069417,14842220,165157,22509.6
July,2015,7,01-07-2015,31-07-2015,BANK OF BARODA,5660,3593,14392,0,88512,4031,165815,14.1866,380.071,28051717,15983854,2779780,64412.5,2661.79
July,2015,7,01-07-2015,31-07-2015,STATE BANK OF INDIA,18297,28560,226753,0,3312572,71055,8661257,326.149,22792.6,167057762,273511593,24193734,675130,30384.4
July,2015,7,01-07-2015,31-07-2015,AXIS BANK LTD,2675,9487,247945,0,1871773,42103,4613597,164.655,14362.8,14677728,24180961,7272069,116716,11030.9
July,2015,7,01-07-2015,31-07-2015,HDFC BANK LTD,5237,6633,257020,0,6359743,145383,20769485,850.303,59894.4,23752876,33904035,14078791,161376,20509.4
July,2015,7,01-07-2015,31-07-2015,ICICI BANK LTD,4340,8530,204349,0,3373787,22297,8837844,112.963,21243.3,29907678,34599307,14155528,165501,21731.1
September,2015,9,01-09-2015,30-09-2015,BANK OF BARODA,5940,3704,17003,0,93508,4319,163132,16.0531,369.79,28902846,15844263,2570545,62552.4,2346.09
September,2015,9,01-09-2015,30-09-2015,STATE BANK OF INDIA,18760,28866,239397,0,3406379,71564,8398457,333.689,21963.5,173994213,271357115,22866177,639198,26086.3
September,2015,9,01-09-2015,30-09-2015,AXIS BANK LTD,2707,9645,250742,0,1980176,45855,4794778,177.775,14575.4,15173625,23587925,6799562,112275,9584.08
September,2015,9,01-09-2015,30-09-2015,HDFC BANK LTD,5289,6397,265535,0,6599465,151166,19735193,863.953,58977.5,24511734,33132693,13671851,157823,18883.4
September,2015,9,01-09-2015,30-09-2015,ICICI BANK LTD,4370,8594,202231,0,3407671,23153,8362948,117.032,20004.1,30785458,33275731,13677389,157509,19412.4
October,2015,10,01-10-2015,31-10-2015,BANK OF BARODA,5980,3700,19451,0,97205,5163,186223,18.7119,435.199,29826570,16884773,2772356,68004.3,2739.08
October,2015,10,01-10-2015,31-10-2015,STATE BANK OF INDIA,19033,28824,247105,0,3429467,76443,9651508,359.489,25611.2,176778579,294345842,26045684,700616,33262
October,2015,10,01-10-2015,31-10-2015,AXIS BANK LTD,2765,9675,253342,0,2038140,53134,5051528,206.809,16733.2,16026802,25365988,7456511,122397,11175.8
October,2015,10,01-10-2015,31-10-2015,HDFC BANK LTD,5342,6453,271910,0,6723308,162936,21791455,950.653,67251.6,21962216,36049733,15439307,173201,23162.9
October,2015,10,01-10-2015,31-10-2015,ICICI BANK LTD,4384,8704,200829,0,3433811,26210,9014441,124.509,22099.1,31221757,35914238,14953690,172235,22220.1
November,2015,11,01-11-2015,30-11-2015,BANK OF BARODA,6013,3760,24286,0,100941,5630,188543,20.6088,460.107,30634886,16417583,2764127,69023.3,3102.33
November,2015,11,01-11-2015,30-11-2015,STATE BANK OF INDIA,19151,29129,254051,0,3470520,74427,9245120,355.236,25010.5,178887041,282617519,25813901,686096,35466.3
November,2015,11,01-11-2015,30-11-2015,AXIS BANK LTD,2806,9774,255669,0,2080631,50102,4832915,199.807,15851.7,16030475,24290510,7374657,119918,12109.9
November,2015,11,01-11-2015,30-11-2015,HDFC BANK LTD,5357,6436,276362,0,6156259,154588,20927939,908.616,65099.2,26070506,34616522,15142830,170275,23828
November,2015,11,01-11-2015,30-11-2015,ICICI BANK LTD,4408,8840,200927,0,3469994,26712,9340191,132.612,23799,31312940,33519598,15057967,163187,24256.5
December,2015,12,01-12-2015,31-12-2015,BANK OF BARODA,6033,3807,27498,0,104551,6106,200236,21.038,464.886,31128170,17191866,3049577,69452.5,2978.81
December,2015,12,01-12-2015,31-12-2015,STATE BANK OF INDIA,19413,29196,270307,0,3468033,82029,9714865,377.961,24923.1,181510063,302139364,29614338,705906,33804.1
December,2015,12,01-12-2015,31-12-2015,AXIS BANK LTD,2832,9799,198982,0,2171507,55035,5076768,218.068,18240,15421431,24501496,8080803,120079,12240
December,2015,12,01-12-2015,31-12-2015,HDFC BANK LTD,5378,6464,280262,0,6281368,164417,21842928,950.359,62589.8,26732356,35961750,16094043,175585,23855.3
December,2015,12,01-12-2015,31-12-2015,ICICI BANK LTD,4435,8937,201000,0,3502517,25948,9447432,128.277,23554.4,31440440,35423793,15614623,171813,23832.5
January,2016,1,01-01-2016,31-01-2016,BANK OF BARODA,6055,3865,30369,0,108029,6476,210126,23.3301,498.377,31409192,16765491,3040289,69968.8,2909.07
January,2016,1,01-01-2016,31-01-2016,STATE BANK OF INDIA,19783,29216,289118,0,3523867,75435,9698167,350.487,25530.9,184348293,302493211,29712176,706068,32828.5
January,2016,1,01-01-2016,31-01-2016,AXIS BANK LTD,2856,9874,258030,0,2242618,83554,5382668,211.619,18755.8,15362908,24721501,8274094,121554,12454.2
January,2016,1,01-01-2016,31-01-2016,HDFC BANK LTD,5393,6450,276968,0,7057172,163918,22300619,921.661,63420.2,27477884,35780807,15948974,173675,23510.4
January,2016,1,01-01-2016,31-01-2016,ICICI BANK LTD,4481,9003,201047,0,3552007,25292,9547206,128.427,23783.3,31725554,35504041,16354859,171631,24399.8
February,2016,2,01-02-2016,29-02-2016,BANK OF BARODA,6073,3952,33908,0,110729,6249,199324,22.081,453.677,31869935,16842452,2971260,69087,2490.39
February,2016,2,01-02-2016,29-02-2016,STATE BANK OF INDIA,20043,29261,296310,0,3576151,77216,9494536,359.568,25113.4,186970791,296735275,28469070,689132,29445.7
February,2016,2,01-02-2016,29-02-2016,AXIS BANK LTD,2881,9928,258250,0,2306199,90181,5067194,229.098,19422.2,15704449,23359279,7553297,116709,10912.8
February,2016,2,01-02-2016,29-02-2016,HDFC BANK LTD,5419,6443,281642,0,7176843,164695,21154514,941.481,60588.5,28091223,33957527,15531187,164885,20620.2
February,2016,2,01-02-2016,29-02-2016,ICICI BANK LTD,4525,9076,200756,0,3601780,24630,9212028,120.164,22823.4,31963942,33318381,15012210,161073,20948.7
March,2016,3,01-03-2016,31-03-2016,BANK OF BARODA,6117,3993,35236,0,113554,7242,221164,25.367,492.861,32160671,17551603,3155674,72112.9,2566.58
March,2016,3,01-03-2016,31-03-2016,STATE BANK OF INDIA,20403,29321,302119,0,3620042,84905,10132120,405.767,26973.3,189341852,308423127,30331224,702059,29956.3
March,2016,3,01-03-2016,31-03-2016,AXIS BANK LTD,2908,9835,263951,0,2413568,98579,5738362,82.8247,20883.2,15520317,25124123,7801958,124429,11135.5
March,2016,3,01-03-2016,31-03-2016,HDFC BANK LTD,5541,6459,283274,0,7281693,180269,22740629,1038.72,65822.4,23034150,36628962,16929383,179587,21863.3
March,2016,3,01-03-2016,31-03-2016,ICICI BANK LTD,4603,9163,200759,0,3653052,27448,9930873,125.737,25281.3,32645404,35603512,16263005,174119,22171.8
April,2016,4,01-04-2016,30-04-2016,BANK OF BARODA,6209,3998,36014,0,114705,6963,220086,25.1538,506.851,33068203,16569566,3074784,70363.3,2660.56
April,2016,4,01-04-2016,30-04-2016,STATE BANK OF INDIA,20306,29418,307895,0,3669236,80320,10427528,375.215,27561.9,191393900,309235327,32648530,694301,33188.2
April,2016,4,01-04-2016,30-04-2016,AXIS BANK LTD,2935,9883,266405,0,2499765,98072,5577171,250.41,19189.5,15747749,26900983,8275765,134599,11970.7
April,2016,4,01-04-2016,30-04-2016,HDFC BANK LTD,5592,6422,277727,0,7409684,175435,22939043,1009.77,67336,23258774,36780583,17166312,180683,23750.5
April,2016,4,01-04-2016,30-04-2016,ICICI BANK LTD,4677,9213,199945,0,3696193,25795,9827172,120.05,24555.6,32970996,35387220,17044801,174857,24305.3
May,2016,5,01-05-2016,31-05-2016,BANK OF BARODA,6229,4042,33624,0,116464,7214,239114,25.8282,557.021,34038717,16861272,3293363,69997.7,2965.11
May,2016,5,01-05-2016,31-05-2016,STATE BANK OF INDIA,20285,29495,312024,0,3721651,87382,11111412,385.395,29574,193461984,307780252,44189363,660952,34014.9
May,2016,5,01-05-2016,31-05-2016,AXIS BANK LTD,2976,9863,267134,0,2551593,60762,5911518,163.341,22275,16011654,25732769,8786775,117276,12813.7
May,2016,5,01-05-2016,31-05-2016,HDFC BANK LTD,5621,6433,280282,0,7524961,184697,24632657,1035.83,73114.3,23575677,35954264,18207597,174258,25468.9
May,2016,5,01-05-2016,31-05-2016,ICICI BANK LTD,4753,9242,200484,0,3757606,29426,10948476,129.156,27380.2,33343798,35845747,17761704,173019,25475.5
June,2016,6,01-06-2016,30-06-2016,AXIS BANK LTD,2986,9885,268122,0,2605439,92493,5726381,250.903,21619.1,16253526,24894689,8606615,121834,12538.8
June,2016,6,01-06-2016,30-06-2016,BANK OF BARODA,6270,4084,33749,0,118192,7039,235036,25.9388,534.896,34852092,16459102,3208859,68893.3,2973.95
June,2016,6,01-06-2016,30-06-2016,HDFC BANK LTD,5622,6391,283554,0,7678526,176272,24054854,1016.37,70179.5,23863716,36471168,18239197,178193,25066.4
June,2016,6,01-06-2016,30-06-2016,ICICI BANK LTD,4799,9274,201439,0,3812380,27062,10355434,110.492,25635.9,33577770,35064433,17646021,170449,25028.8
June,2016,6,01-06-2016,30-06-2016,STATE BANK OF INDIA,20317,29504,312024,0,3789086,84408,10916154,376.989,28605.5,196766988,306314844,29679487,664653,35813.5
July,2016,7,01-07-2016,31-07-2016,AXIS BANK LTD,3037,9972,269443,0,2677047,98300,5913988,252.036,19736,16565284,25484831,9045422,122915,13506
July,2016,7,01-07-2016,31-07-2016,BANK OF BARODA,6320,4135,35307,0,120176,7349,253373,26.872,579.606,35510473,16383371,3427918,67016.7,3217.55
July,2016,7,01-07-2016,31-07-2016,HDFC BANK LTD,5622,6398,284777,0,7814027,179127,25196487,1041.8,73510.1,24121066,37645690,20112655,181954,27907.8
July,2016,7,01-07-2016,31-07-2016,ICICI BANK LTD,4827,9359,202056,0,3876656,27126,10706103,105.673,26571.7,33989826,36035298,19338502,174040,27866.5
July,2016,7,01-07-2016,31-07-2016,STATE BANK OF INDIA,20419,29496,310744,0,3863854,88246,11429744,408.4,29553.3,202702641,316701872,32500690,656769,39541.6
August,2016,8,01-08-2016,31-08-2016,BANK OF BARODA,6263,4151,37105,0,121130,7661,257085,27.3191,584.751,36281196,18162497,3667125,72519.8,3684.76
August,2016,8,01-08-2016,31-08-2016,STATE BANK OF INDIA,20254,29501,329222,0,3933015,96905,12353739,436.759,32690.6,204259667,313547386,32387787,645293,38591
August,2016,8,01-08-2016,31-08-2016,AXIS BANK LTD,3077,10166,271297,0,2752132,107439,6423610,269.05,22496.2,16834090,25233556,9707847,121374,14577.5
August,2016,8,01-08-2016,31-08-2016,HDFC BANK LTD,5628,6392,288785,0,7955406,190594,26035485,1079.92,75414.8,24354263,36998383,19476068,177175,26415.8
August,2016,8,01-08-2016,31-08-2016,ICICI BANK LTD,4842,9412,202366,0,3930904,30170,11266773,108.702,28748.4,34319576,35152914,18933042,167520,26804.1
October,2016,10,01-10-2016,31-10-2016,BANK OF BARODA,6257,4206,40561,0,124821,8600,296907,33.1516,1251.44,37829594,19430055,3925896,83138.1,4512.94
October,2016,10,01-10-2016,31-10-2016,STATE BANK OF INDIA,23307,26732,342689,0,4078269,87692,13392916,398.129,41200.4,233255330,328010804,35307605,770889,57147.1
October,2016,10,01-10-2016,31-10-2016,AXIS BANK LTD,3124,10437,276140,0,2887056,100538,6948652,264.338,24595.6,17243065,28922937,10227020,142930,17199.8
October,2016,10,01-10-2016,31-10-2016,HDFC BANK LTD,5627,6427,295835,0,8300784,187453,27557471,1117.04,89400.1,24201864,41521573,22063627,207079,35212.4
October,2016,10,01-10-2016,31-10-2016,ICICI BANK LTD,4876,9478,204969,0,4062445,30898,11689914,106.733,32181.9,35353123,39263668,20461741,195377,32653.7
September,2016,9,01-09-2016,30-09-2016,BANK OF BARODA,6304,4137,38191,0,122118,7703,247893,28.6682,562.935,37094463,17871053,3623537,72490.4,3507.43
September,2016,9,01-09-2016,30-09-2016,STATE BANK OF INDIA,23189,26826,335647,0,4010397,88937,11451368,397.043,30372.9,212298475,305250811,30151707,657468,35650.5
September,2016,9,01-09-2016,30-09-2016,AXIS BANK LTD,3094,10354,274032,0,2819144,101592,5866902,258.777,21281.9,16890747,25360683,9041943,121635,12935.9
September,2016,9,01-09-2016,30-09-2016,HDFC BANK LTD,5625,6391,286857,0,8110661,175471,24232639,1023.61,70801.5,24587000,36608199,19169666,175815,25436.3
September,2016,9,01-09-2016,30-09-2016,ICICI BANK LTD,4855,9440,203285,0,3995264,28595,10464057,97.984,26852.8,35143376,34470936,18278512,164471,25079.5
November,2016,11,01-11-2016,30-11-2016,BANK OF BARODA,6278,4220,43173,0,126703,4659,308624,13.69401277,947.0772155,38563933,14293099,6519103,38305.23427,8713.409805
November,2016,11,01-11-2016,30-11-2016,STATE BANK OF INDIA,23331,26750,359100,0,4149193,77006,14385053,227.4919406,35517.35659,233565648,245593806,62698077,450531.9956,79544.02905
November,2016,11,01-11-2016,30-11-2016,AXIS BANK LTD,3150,10464,287423,0,2927865,49682,7501788,114.5400653,22433.7733,17243065,19185301,17020766,56050.79034,24855.12198
November,2016,11,01-11-2016,30-11-2016,HDFC BANK LTD,5638,6410,319359,0,8479533,107721,29970335,484.0287542,76624.69152,23406898,24073952,32310118,82266.53797,42494.54866
November,2016,11,01-11-2016,30-11-2016,ICICI BANK LTD,4891,9513,213106,0,4100378,23190,13604381,62.67899,30252.89841,35466757,22708783,30592140,74340.58583,41256.67478
December,2016,12,01-12-2016,31-12-2016,BANK OF BARODA,6139,4265,47469,0,127638,4347,395001,6.60572525,1204.541723,39231688,14383666,12856325,27306.25294,18089.77247
December,2016,12,01-12-2016,31-12-2016,STATE BANK OF INDIA,23333,26777,391316,0,4245105,73441,16059643,153.430363,43106.80096,236699081,300709118,114336498,348816.0487,152923.599
December,2016,12,01-12-2016,31-12-2016,AXIS BANK LTD,3179,10547,313413,0,3053250,40023,9543361,77.171796,26266.05124,18494853,18973184,27690581,30741.43891,41696.10269
December,2016,12,01-12-2016,31-12-2016,HDFC BANK LTD,5645,6442,350298,0,8649682,95899,35202746,267.5795099,92750.15357,23061345,20534387,48962113,42442.10332,68052.16956
December,2016,12,01-12-2016,31-12-2016,ICICI BANK LTD,4909,9237,231354,0,4118411,20393,15902341,44.605697,33805.18778,35813568,20390646,46602130,39354.57816,65193.60596
January,2017,1,01-01-2017,31-01-2017,BANK OF BARODA,6287,4146,58127,0,128841,6149,371215,16.6668,1196.81,40387836,14945470,11156036,50090.5,15078.8
January,2017,1,01-01-2017,31-01-2017,STATE BANK OF INDIA,23334,26776,431430,0,4355603,82462,14885382,285.387,45960.7,239467117,331354227,80992775,545192,124376
January,2017,1,01-01-2017,31-01-2017,AXIS BANK LTD,3233,10652,350367,0,3126846,41129,9963047,72.6321,28767.2,18856310,22086025,22972498,62322,35134.7
January,2017,1,01-01-2017,31-01-2017,HDFC BANK LTD,5675,6467,388732,0,8814073,123057,32458459,472.142,95904.9,23257494,23787514,40236781,79925.1,57298
January,2017,1,01-01-2017,31-01-2017,ICICI BANK LTD,4940,9331,254375,0,4157291,22167,16546324,70.338,37172.5,36132712,24062778,38363612,78997.1,55236.2
February,2017,2,01-02-2017,28-02-2017,BANK OF BARODA,6276,4203,69965,0,130351,6458,321062,22.72578992,1033.750193,41389177,14227703,8150988,61315.4885,9973.026893
February,2017,2,01-02-2017,28-02-2017,STATE BANK OF INDIA,23271,26917,466806,0,4461656,81145,12644258,348.939735,41168.91199,217407059,314787987,63025579,646648.0336,91189.85963
February,2017,2,01-02-2017,28-02-2017,AXIS BANK LTD,3237,10770,394279,0,3172283,38515,8396836,62.579999,25803.75108,19729578,19614218,17567414,87189.05372,25450.08854
February,2017,2,01-02-2017,28-02-2017,HDFC BANK LTD,5711,6497,413848,0,8718950,121858,27504911,634.6987413,83880.19594,23420261,25283318,32319787,111436.2998,44459.2368
February,2017,2,01-02-2017,28-02-2017,ICICI BANK LTD,4973,9079,271985,0,4186833,20025,13421872,74.430449,31741.32389,36453386,25192535,30450233,132536.6519,42779.35048
March,2017,3,01-03-2017,31-03-2017,BANK OF BARODA,6296,4224,85728,0,131571,6968,353111,25.54588139,1161.286395,43228705,15974728,8352913,69927.13474,9056.232162
March,2017,3,01-03-2017,31-03-2017,STATE BANK OF INDIA,23161,27027,509113,0,4569048,92846,14605626,397.4097708,49042.26206,218879742,307490694,69407825,793090.1731,89397.51987
March,2017,3,01-03-2017,31-03-2017,AXIS BANK LTD,3209,10954,433034,0,3346735,46903,9549223,107.1,30697.42777,20175013,21176738,18501956,103762.5836,25478.82341
March,2017,3,01-03-2017,31-03-2017,HDFC BANK LTD,5791,6469,429749,0,8544721,138039,31110526,753.5783988,95896.50903,23567317,27310087,34919683,133411.8456,45761.63603
March,2017,3,01-03-2017,31-03-2017,ICICI BANK LTD,4988,8894,306593,0,4253992,22435,15231402,81.946624,36043.67099,36891165,27022695,32698046,134064.7165,44568.7454
April,2017,4,01-04-2017,30-04-2017,BANK OF BARODA,6307,4212,91863,0,132768,6337,356634,22.19854975,1042.953766,44732042,15121682,8391734,66622.00996,9684.416343
April,2017,4,01-04-2017,30-04-2017,STATE BANK OF INDIA,29254,29544,619026,0,4680725,87077,14723747,370.878623,49485.25868,262646087,326949447,83277547,897964.4422,117207.2894
April,2017,4,01-04-2017,30-04-2017,AXIS BANK LTD,3182,11003,453234,0,3424815,54676,9619367,207.160068,29789.95172,20354440,20828825,18540154,103858.9636,26804.58752
April,2017,4,01-04-2017,30-04-2017,HDFC BANK LTD,5830,6504,424276,0,8700982,136622,30991458,749.8252115,97303.01779,23864075,27547659,35178164,138378.0453,48186.60758
April,2017,4,01-04-2017,30-04-2017,ICICI BANK LTD,5042,8618,325467,0,4281528,22740,15109641,85.751597,36769.38542,37008916,26970454,32653690,137594.0267,46716.2004
May,2017,5,01-05-2017,31-05-2017,BANK OF BARODA,6336,4216,94648,0,133654,6036,353567,21.74886629,821.2027799,45828457,15117353,8759975,65557.16111,9801.417825
May,2017,5,01-05-2017,31-05-2017,STATE BANK OF INDIA,29150,29917,594037,0,4807860,98169,16002036,403.0143225,55724.88679,264888637,320809290,79695542,894155.4755,114597.0066
May,2017,5,01-05-2017,31-05-2017,AXIS BANK LTD,3234,11110,459242,0,3469177,62321,10507320,233.654189,32189.0356,20625087,22169040,18159561,102981.1519,26147.48635
May,2017,5,01-05-2017,31-05-2017,HDFC BANK LTD,5841,6399,422758,0,8840919,152128,33003678,825.9480546,104708.5359,24079920,27915404,34060320,138407.5219,46579.6307
May,2017,5,01-05-2017,31-05-2017,ICICI BANK LTD,5102,8620,334438,0,4310531,25694,16057746,94.747149,41169.18479,37160980,27248910,31581525,135939.0584,44882.92188
June,2017,6,01-06-2017,30-06-2017,BANK OF BARODA,6363,4200,98065,0,134129,6395,340481,23.99374279,839.5555976,46654860,15705599,8578362,67727.6403,9908.683043
June,2017,6,01-06-2017,30-06-2017,STATE BANK OF INDIA,28981,30310,605535,0,4932698,99015,15517077,400.8670201,60048.8464,265434590,327674875,76443770,948792.6371,117213.4829
June,2017,6,01-06-2017,30-06-2017,AXIS BANK LTD,3235,11076,467237,0,3522188,60448,9957826,235.182601,32544.40265,20918112,21459682,17537249,103766.5255,26649.5819
June,2017,6,01-06-2017,30-06-2017,HDFC BANK LTD,5845,6375,423268,0,9037897,157467,31393576,856.4456546,100785.1321,24307355,28559485,32987781,144751.5357,47218.10907
June,2017,6,01-06-2017,30-06-2017,ICICI BANK LTD,5141,8639,336697,0,4346246,25625,15083414,95.069641,39753.39476,37574855,28018533,30667782,141117.8969,45716.83158
July,2017,7,01-07-2017,31-07-2017,BANK OF BARODA,6373,3849,101758,0,134507,6553,334177,23.9975276,751.9840961,47498221,16762312,9020195,68809.71349,9142.460681
July,2017,7,01-07-2017,31-07-2017,STATE BANK OF INDIA,28737,30476,613270,0,4975317,110375,16071405,429.8489452,56846.17542,266494994,347873356,74954333,951057.0044,103999.8634
July,2017,7,01-07-2017,31-07-2017,AXIS BANK LTD,3250,11091,470011,0,3618692,64718,9745431,244.903077,28656.71968,21268778,22664691,17721960,104199.2186,24912.03714
July,2017,7,01-07-2017,31-07-2017,HDFC BANK LTD,5844,6383,420950,0,9250065,173600,32253765,916.0888719,98577.59316,24554740,30447067,33708582,149390.7828,44846.78766
July,2017,7,01-07-2017,31-07-2017,ICICI BANK LTD,5151,8708,345309,0,4381052,28718,15158655,101.634699,39645.22564,37911192,29432240,31400604,142561.683,43484.58883
August,2017,8,01-08-2017,31-08-2017,BANK OF BARODA,6333,3811,103297,0,134927,7325,339374,26.03586686,751.4594296,47897690,17185943,9885861,70656.09694,9329.1417
August,2017,8,01-08-2017,31-08-2017,STATE BANK OF INDIA,28525,30675,625872,0,5090095,121311,17368773,467.5347793,62498.91185,268750262,355890702,77272254,984277.5527,105828.6067
August,2017,8,01-08-2017,31-08-2017,AXIS BANK LTD,3260,11124,471320,0,3732639,69912,10267963,268.839957,33920.65162,21293444,23478165,17904249,107445.8534,24885.24191
August,2017,8,01-08-2017,31-08-2017,HDFC BANK LTD,5840,6385,417700,0,9427672,184076,33177052,954.5561887,104807.9541,24743431,31106443,33844896,152876.375,45458.47277
August,2017,8,01-08-2017,31-08-2017,ICICI BANK LTD,5181,8761,352309,0,4422562,31513,15620398,110.172132,39718.89762,38316793,30113551,30985736,145735.4638,43113.89362
September,2017,9,01-09-2017,30-09-2017,BANK OF BARODA,6337,3799,104831,0,134951,7400,335299,25.94018668,787.3467976,48204663,17715618,10138625,73238.22091,9345.540895
September,2017,9,01-09-2017,30-09-2017,STATE BANK OF INDIA,28952,29964,641938,0,5255704,121328,17136661,472.974474,67454.26615,272097218,346794275,77245776,1009282.145,116265.285
September,2017,9,01-09-2017,30-09-2017,AXIS BANK LTD,3178,11154,465938,0,3823356,72207,10314755,283.246967,35790.1153,21541697,24554793,18147464,113051.4219,25851.91383
September,2017,9,01-09-2017,30-09-2017,HDFC BANK LTD,5840,6419,407711,0,9624444,177760,32686525,970.3860063,109484.2168,24866255,32137232,33939384,159521.4553,46522.16596
September,2017,9,01-09-2017,30-09-2017,ICICI BANK LTD,5202,8590,326250,0,4490177,30041,14576619,105.576425,39561.97951,38728924,30792842,30554641,150169.5474,43025.67437
October,2017,10,01-10-2017,31-10-2017,BANK OF BARODA,6340,3730,103510,0,135126,7030,349186,25.49755731,856.9004867,48440508,18568098,11125666,81092.40581,11272.08771
October,2017,10,01-10-2017,31-10-2017,STATE BANK OF INDIA,28703,30067,651297,0,5412156,126549,18823489,485.667555,74961.92712,274956279,349373556,79941223,1047545.552,123073.1448
October,2017,10,01-10-2017,31-10-2017,AXIS BANK LTD,3102,11127,472415,0,3883058,73578,11045831,296.87757,38379.6956,21593535,27873485,19499284,119640.3569,30860.691
October,2017,10,01-10-2017,31-10-2017,HDFC BANK LTD,5839,6329,408351,0,9784186,176672,34852409,959.6767292,119416.5392,25055326,33522304,35813668,170284.2023,53564.11723
October,2017,10,01-10-2017,31-10-2017,ICICI BANK LTD,5204,8713,333884,0,4555750,33816,16706145,120.804758,47081.17281,38945912,32495375,32442327,162111.9676,49625.56839
November,2017,11,01-11-2017,30-11-2017,BANK OF BARODA,6401,3652,93533,0,134639,6702,329883,24.4557673,780.3206153,49147192,18250907,10410107,77958.34969,10336.51407
November,2017,11,01-11-2017,30-11-2017,STATE BANK OF INDIA,28626,30276,634747,0,5641724,127071,17301631,480.632451,71454.21943,275083261,342563742,77749867,1037696.339,108061.0579
November,2017,11,01-11-2017,30-11-2017,AXIS BANK LTD,2972,11044,472415,0,3971321,77975,10557501,311.183296,38431.47741,21835541,26901933,18497048,112351.8855,26517.45315
November,2017,11,01-11-2017,30-11-2017,HDFC BANK LTD,5850,6354,410066,0,9976842,171848,32833460,933.5786195,108026.4998,25002096,31391923,34566486,156193.7391,47175.78556
November,2017,11,01-11-2017,30-11-2017,ICICI BANK LTD,5223,8941,342063,0,4648885,33219,15473320,114.376981,43753.86105,39584568,31385671,31470747,154142.0433,44391.41494
December,2017,12,01-12-2017,31-12-2017,BANK OF BARODA,6415,3612,92092,0,134753,6879,340582,25.02633146,802.6391309,49911153,18798766,10785268,79909.35067,10749.40048
December,2017,12,01-12-2017,31-12-2017,STATE BANK OF INDIA,28435,30558,633640,0,5750415,131212,19212446,493.804546,75409.78504,278246603,360648020,83961854,1089293.104,120138.2387
December,2017,12,01-12-2017,31-12-2017,AXIS BANK LTD,2883,11094,479208,0,4145254,81518,11006659,325.028502,39507.47541,22121624,27274130,20048229,118441.6601,29852.94954
December,2017,12,01-12-2017,31-12-2017,HDFC BANK LTD,5851,6482,410488,0,10188735,180158,35622883,961.42445,118308.7498,24827960,34536344,37671882,173537.2626,54045.04554
December,2017,12,01-12-2017,31-12-2017,ICICI BANK LTD,5225,9037,335343,0,4726983,34885,16573526,123.04724,47816.33844,40104247,33379695,34167276,165488.1393,50433.08623
January,2018,1,01-01-2018,31-01-2018,BANK OF BARODA,6420,3615,87812,0,134772,6356,338310,22.54250691,796.631103,50758514,18972607,11280061,80779.93065,11286.55151
January,2018,1,01-01-2018,31-01-2018,STATE BANK OF INDIA,26507,32582,630068,0,5909429,139998,20209552,516.3074593,61644.80768,276790651,351515682,88809837,1039989.28,124974.4196
January,2018,1,01-01-2018,31-01-2018,AXIS BANK LTD,2892,11091,491186,0,4230170,86219,12099528,341.788514,44121.75789,22244243,26138575,20041576,113284.674,29375.40457
January,2018,1,01-01-2018,31-01-2018,HDFC BANK LTD,5865,6492,404050,0,10375599,186521,37050384,964.081258,121691.3675,23724406,32633767,36449062,163609.6946,51328.14214
January,2018,1,01-01-2018,31-01-2018,ICICI BANK LTD,5227,9079,328525,0,4822832,36170,16988227,125.491594,46059.30403,40716438,31582992,33317356,156018.7664,47476.77084
February,2018,2,01-02-2018,28-02-2018,BANK OF BARODA,6436,3508,81440,0,134792,5549,297953,20.7758,708.394,51386654,18134796,10999174,78504.5,10628.7
February,2018,2,01-02-2018,28-02-2018,STATE BANK OF INDIA,26505,32680,630836,0,6065830,124015,17889710,468.607,58942.4,279403266,343309307,81363638,1003150,109766
February,2018,2,01-02-2018,28-02-2018,AXIS BANK LTD,2776,11099,496894,0,4316824,78066,10614992,321.456,38499,22318560,24485448,18886200,105412,26780.3
February,2018,2,01-02-2018,28-02-2018,HDFC BANK LTD,5870,6550,406824,0,10547573,171809,32575673,917.497,106927,24118696,29864294,34518407,152298,46132.9
February,2018,2,01-02-2018,28-02-2018,ICICI BANK LTD,5225,9113,320344,0,4891339,34695,15134487,120.999,43367.6,40882647,30421998,30922788,153059,43105.2
March,2018,3,01-03-2018,31-03-2018,BANK OF BARODA,6286,3418,77253,0,125563,5974,319728,22.894,773.384,51947716,19238886,12594592,81887,11758.8
March,2018,3,01-03-2018,31-03-2018,STATE BANK OF INDIA,26579,32962,609789,0,6258360,141238,20229099,540.16,70230.2,278467823,365769871,92932626,1050670,126023
March,2018,3,01-03-2018,31-03-2018,AXIS BANK LTD,2722,11092,502226,0,4486394,88371,11779221,363.012,48025.1,22340847,27468860,21273870,131604,30627.5
March,2018,3,01-03-2018,31-03-2018,HDFC BANK LTD,5867,6768,403567,0,10686376,193311,36041678,1042.25,122950,24318975,34944606,38578119,179936,53861.8
March,2018,3,01-03-2018,31-03-2018,ICICI BANK LTD,5237,9130,325358,0,4997535,38455,16326117,136.902,49300.2,41499827,33165563,34711851,167845,50017.7
April,2018,4,01-04-2018,30-04-2018,BANK OF BARODA,3428,4918,74383,0,126884,5411,332833,21.0908,815.964,52549602,18711724,13724789,81694,12855.2
April,2018,4,01-04-2018,30-04-2018,STATE BANK OF INDIA,26343,32949,613877,0,6357785,129941,21245813,511.29,75460.6,279796198,362428635,94602321,1065910,139835
April,2018,4,01-04-2018,30-04-2018,AXIS BANK LTD,2596,11053,505153,0,4524738,82593,12274499,340.208,46410.8,22613799,26267982,22224131,127303,32863.9
April,2018,4,01-04-2018,30-04-2018,HDFC BANK LTD,5874,6764,408770,0,10794694,173027,36781856,932.993,122060,24537320,33090783,39690646,171070,56155.3
April,2018,4,01-04-2018,30-04-2018,ICICI BANK LTD,5244,9135,329108,0,5030900,38648,18457317,135.848,53334.2,41993787,31609175,36441706,161325,52894.2
May,2018,5,01-05-2018,31-05-2018,BANK OF BARODA,6295,3424,72880,0,128507,5643,349339,23.3814,834.346,53166018,19117773,15849372,81632.3,13363.9
May,2018,5,01-05-2018,31-05-2018,STATE BANK OF INDIA,26336,32997,618452,0,6472514,131352,21861288,518.262,78523.6,282976998,352751599,97390937,1065290,141697
May,2018,5,01-05-2018,31-05-2018,AXIS BANK LTD,2427,10939,505792,0,4576834,81538,13127005,338.128,48698.8,23147088,23744739,23046431,111259,33744.7
May,2018,5,01-05-2018,31-05-2018,HDFC BANK LTD,5877,6829,414056,0,10990935,181659,38322777,960.946,129693,24939721,33711489,41316850,173978,58593.2
May,2018,5,01-05-2018,31-05-2018,ICICI BANK LTD,5256,9133,333074,0,5187404,38584,18566905,138.684,54020.3,42509897,31982412,37037674,160839,53627.4
June,2018,6,01-06-2018,30-06-2018,BANK OF BARODA,6263,3352,71517,0,132095,5585,341913,22.4147,836.186,53918295,19124351,16325772,82404.3,13861.4
June,2018,6,01-06-2018,30-06-2018,STATE BANK OF INDIA,26389,33209,623113,0,6596823,125495,20793632,490.923,76095.3,289001785,353080704,98849506,1085680,145557
June,2018,6,01-06-2018,30-06-2018,AXIS BANK LTD,2259,10575,501204,0,4657691,80032,13096699,337.656,48013.6,23659812,23507269,23340394,110260,35080.2
June,2018,6,01-06-2018,30-06-2018,HDFC BANK LTD,5874,6934,414144,0,11189745,179525,37412545,955.422,129087,25153276,33919107,41774406,177624,60530.5
June,2018,6,01-06-2018,30-06-2018,ICICI BANK LTD,5260,9134,337523,0,5276538,36955,17649845,132.881,51198.9,42980438,31944392,36919790,162662,54826.5
July,2018,7,01-07-2018,31-07-2018,BANK OF BARODA,6356,3273,69931,0,137253,6368,365825,26.10873059,864.5816068,54630078,19971916,13248212,83120.77814,13799.79448
July,2018,7,01-07-2018,31-07-2018,STATE BANK OF INDIA,26428,33093,545835,0,6690424,133257,22880688,503.810026,82400.29936,297794966,365668653,100161611,1079182.345,144055.7661
July,2018,7,01-07-2018,31-07-2018,AXIS BANK LTD,2167,10579,504066,0,4755141,86494,13325420,357.280445,48352.41511,25455198,24516137,23972927,115790.0752,34792.95787
July,2018,7,01-07-2018,31-07-2018,HDFC BANK LTD,5884,6974,418960,0,11378100,182882,40328771,988.513584,133064.3639,25491645,34564652,43457383,176844.4932,61573.13625
July,2018,7,01-07-2018,31-07-2018,ICICI BANK LTD,5271,9123,340635,0,5400244,42668,20062990,146.404921,54226.61487,43129482,32467700,37887228,160394.8389,55412.07029
August,2018,8,01-08-2018,31-08-2018,BANK OF BARODA,6359,3267,68846,0,143466,6645,388607,26.16684941,889.825371,55468280,20991613,11875014,86681.67397,13589.45225
August,2018,8,01-08-2018,31-08-2018,STATE BANK OF INDIA,26428,33093,551934,0,6851249,135549,22484822,513.505297,82038.84313,307029951,376155878,101375836,1107891.89,147288.2025
August,2018,8,01-08-2018,31-08-2018,AXIS BANK LTD,2131,10536,507512,0,4885182,90581,13544537,375.147229,47512.73322,27863136,26858946,24781851,112994.2203,35880.42452
August,2018,8,01-08-2018,31-08-2018,HDFC BANK LTD,5890,7039,415769,0,11570453,191611,39849365,1020.726179,132607.4144,25876605,35996429,43937828,185973.9865,62408.84344
August,2018,8,01-08-2018,31-08-2018,ICICI BANK LTD,5284,9104,343676,0,5507862,44222,19412404,151.247671,53278.02588,43750707,33469906,38505064,166597.7935,56379.84879
September,2018,9,01-09-2018,30-09-2018,BANK OF BARODA,6383,3249,69160,0,151359,6737,388351,26.08243628,890.6871339,56503336,20450762,12408635,83104.27129,13017.92324
September,2018,9,01-09-2018,30-09-2018,STATE BANK OF INDIA,26428,33093,559395,0,7030584,128934,21279558,489.385967,77835.10034,309251292,373352071,100932242,1065682.821,132594.8439
September,2018,9,01-09-2018,30-09-2018,AXIS BANK LTD,2109,10551,502206,0,4971231,85292,12849794,362.199853,46149.92488,28448032,27340655,25178936,133733.5454,34493.31823
September,2018,9,01-09-2018,30-09-2018,HDFC BANK LTD,5895,7123,424852,0,11768115,183860,38576484,1010.474904,130403.9841,26081703,35376023,44982096,180459.4676,60186.34946
September,2018,9,01-09-2018,30-09-2018,ICICI BANK LTD,5289,9128,345740,0,5603107,43945,18548911,153.075127,51211.46071,44230179,32672330,37901546,160498.5146,51750.62685
October,2018,10,01-10-2018,31-10-2018,BANK OF BARODA,6351,3272,68952,0,162528,7849,445492,22.98155541,1042.892095,57368918,22621174,13813713,94606.67259,15145.89704
October,2018,10,01-10-2018,31-10-2018,STATE BANK OF INDIA,25889,32840,566448,0,7199778,147533,25146139,562.107205,96882.9828,320197282,412820794,109692050,1163185.825,163533.4291
October,2018,10,01-10-2018,31-10-2018,AXIS BANK LTD,2102,10572,507061,0,5159624,98813,15492376,419.323857,58156.16891,26911768,29600839,27124764,146673.7778,42320.89025
October,2018,10,01-10-2018,31-10-2018,HDFC BANK LTD,5910,7111,435036,0,11940652,202780,44547080,1129.327961,163400.6619,26331355,37812886,48473183,195158.1962,74452.48488
October,2018,10,01-10-2018,31-10-2018,ICICI BANK LTD,5296,9220,354527,0,5709486,50728,21564174,175.6554736,61811.76311,44722752,34829187,40631376,173560.905,60449.97412
November,2018,11,01-11-2018,30-11-2018,BANK OF BARODA,6337,3264,68961,0,174606,7899,452440,31.23444857,1076.798263,57804228,20910945,12319534,90439.76914,15033.75754
November,2018,11,01-11-2018,30-11-2018,STATE BANK OF INDIA,25804,32749,574359,0,7306243,134426,22856602,519.326829,89811.32525,323092753,402154648,108956285,1068189.111,166493.8437
November,2018,11,01-11-2018,30-11-2018,AXIS BANK LTD,2101,10590,494230,0,5245839,90217,13976361,394.42867,51314.64051,26978062,28562200,26029727,144057.8707,40201.63406
November,2018,11,01-11-2018,30-11-2018,HDFC BANK LTD,5918,7126,444512,0,12057532,179844,40173574,1031.412556,148642.9085,26653087,36671900,45845008,190961.0005,70284.088
November,2018,11,01-11-2018,30-11-2018,ICICI BANK LTD,5296,9413,360953,0,5821171,46365,19651886,167.296194,55807.21448,44964741,33945757,37600900,172642.9158,57281.54446
December,2018,12,01-12-2018,31-12-2018,BANK OF BARODA,6410,3251,68490,0,187809,8640,511803,33.429271,1134.266583,58459198,21698668,12432217,91159.14741,14821.25942
December,2018,12,01-12-2018,31-12-2018,STATE BANK OF INDIA,25625,32725,577288,0,7525239,149456,24963924,570.602267,92899.14173,311046955,457980402,108354686,1066365.182,153355.0185
December,2018,12,01-12-2018,31-12-2018,AXIS BANK LTD,2092,10613,507919,0,5449056,100194,14898728,427.620868,57061.38911,26165335,29179869,27426176,144539.853,40191.29334
December,2018,12,01-12-2018,31-12-2018,HDFC BANK LTD,5964,7196,446679,0,12234425,193251,43232633,1082.36879,153882.2263,26581644,38111706,48636829,190900.8662,72974.08559
December,2018,12,01-12-2018,31-12-2018,ICICI BANK LTD,5286,9658,370040,0,6040131,51175,21690534,179.082834,59496.1946,45397548,35145103,40446783,175553.0751,59906.26255
January,2019,1,01-01-2019,31-01-2019,BANK OF BARODA,6436,3249,66329,0,202667,9092,543401,34.451755,1205.259072,59257938,21373138,11975069,90696.79203,14611.72087
January,2019,1,01-01-2019,31-01-2019,STATE BANK OF INDIA,25654,32816,577986,0,7742996,149002,25599252,562.5805259,100833.7074,305814823,447453519,108314800,1026932.925,149564.335
January,2019,1,01-01-2019,31-01-2019,AXIS BANK LTD,2070,10500,514190,0,5559196,99268,15276604,416.294264,55135.31814,25599955,28664882,26883452,143003.298,38792.06466
January,2019,1,01-01-2019,31-01-2019,HDFC BANK LTD,5982,7089,462418,0,12360786,183928,43027816,1022.324502,153369.3084,26278071,36736004,46661439,185292.6053,68081.33974
January,2019,1,01-01-2019,31-01-2019,ICICI BANK LTD,5292,9776,377301,0,6256007,49900,21993487,171.303043,60400.77479,45143606,34186107,39264708,171956.4862,55393.34002
February,2019,2,01-02-2019,28-02-2019,BANK OF BARODA,6430,3247,51960,0,216885,8515,526791,32.4381,1156.378356,59918420,19719888,10904078,84197.03604,12860.36737
February,2019,2,01-02-2019,28-02-2019,STATE BANK OF INDIA,25560,32816,579508,0,7998808,135768,22340028,522.003167,85603.31944,326078311,401232064,98839407,998075.516,133178.9564
February,2019,2,01-02-2019,28-02-2019,AXIS BANK LTD,2033,10257,506161,0,5713303,89773,13573383,387.382857,47298.78868,23862171,26967163,25041308,135411.4741,36671.1598
February,2019,2,01-02-2019,28-02-2019,HDFC BANK LTD,5989,7043,471641,0,12489925,173007,38045263,999.704778,134686.4611,26658610,34783795,42658714,178057.862,58880.57902
February,2019,2,01-02-2019,28-02-2019,ICICI BANK LTD,5250,9711,384901,0,6428389,45973,19811181,160.270734,54170.41722,45283613,32065512,36192841,163380.8805,50315.25017
March,2019,3,01-03-2019,31-03-2019,BANK OF BARODA,6329,3243,63250,0,231277,9723,652002,39.13173095,1391.325761,60757947,21380280,12629611,90562.79596,14164.85974
March,2019,3,01-03-2019,31-03-2019,STATE BANK OF INDIA,25555,32860,575358,0,8271446,154499,26511681,595.231684,94264.16353,316263253,417169584,117614529,1090231.999,152455.4322
March,2019,3,01-03-2019,31-03-2019,AXIS BANK LTD,2006,9795,507409,0,5959857,102326,15508823,442.153765,62124.72147,24510625,30384309,28928098,152110.1142,41014.86574
March,2019,3,01-03-2019,31-03-2019,HDFC BANK LTD,6036,7124,490180,0,12486918,190903,43869321,1104.071645,161072.8366,26997235,39437806,49727712,201946.8407,70639.15297
March,2019,3,01-03-2019,31-03-2019,ICICI BANK LTD,5237,9750,391625,0,6645716,52688,22836023,185.519849,62152.5686,44787752,35862767,41971028,183292.0452,59136.92547
April,2019,4,01-04-2019,30-04-2019,BANK OF BARODA,9126,3980,79813,0,305936,19455,789597,85.370015,1722.897255,72760353,30539459,16472373,119082.9278,20235.21033
April,2019,4,01-04-2019,30-04-2019,STATE BANK OF INDIA,25583,32885,580765,0,8545759,154499,26511681,595.231684,94792.48247,297073038,382742667,118453038,1100651.296,164191.4826
April,2019,4,01-04-2019,30-04-2019,AXIS BANK LTD,5261,11571,504004,0,6076537,106673,16552071,455.035372,60699.96327,24513438,28563247,28348998,144103.5874,41149.60093
April,2019,4,01-04-2019,30-04-2019,HDFC BANK LTD,6069,7193,531547,0,12574139,180818,44680208,1035.074507,161032.8446,27425468,37099927,48489873,191832.4559,71518.77336
April,2019,4,01-04-2019,30-04-2019,ICICI BANK LTD,5216,9800,353347,0,6826140,51413,23600721,180.602374,65059.62475,44769955,33797897,40926673,174744.9273,58265.67387
May,2019,5,01-05-2019,31-05-2019,BANK OF BARODA,9321,3850,78791,0,324275,21107,838895,92.75806377,1883.97207,73384771,32035602,16675739,125633.462,14651.52898
May,2019,5,01-05-2019,31-05-2019,STATE BANK OF INDIA,25606,32883,589127,0,8734604,160944,28644056,610.928567,105373.1453,297165746,376403513,117026441,1130261.407,176121.1988
May,2019,5,01-05-2019,31-05-2019,AXIS BANK LTD,5257,11631,496598,0,6170677,102603,16677302,442.642055,64455.15308,24185091,29505062,28524901,147832.5226,43053.13785
May,2019,5,01-05-2019,31-05-2019,HDFC BANK LTD,6081,7239,563264,0,12679846,185365,45870315,1087.520462,172032.7329,27924345,38952187,50527755,202573.6261,77378.67755
May,2019,5,01-05-2019,31-05-2019,ICICI BANK LTD,5214,9849,359529,0,7013846,51851,24462656,186.42968,67520.54551,44806067,34951713,41611367,180612.002,61794.68902
June,2019,6,01-06-2019,30-06-2019,BANK OF BARODA,9315,3843,77947,0,338422,20011,868300,86.5905,1890.504022,74200684,30569165,17325235,117955.82,22226.57488
June,2019,6,01-06-2019,30-06-2019,STATE BANK OF INDIA,25725,32770,597848,0,8821597,136230,27989776,532.567804,101575.7185,302737489,371824160,116467790,1089019.465,170663.4557
June,2019,6,01-06-2019,30-06-2019,AXIS BANK LTD,5235,11781,498932,0,6247776,93074,15915513,407.498269,61213.10842,22985949,28143987,28250210,138894.9615,43126.85435
June,2019,6,01-06-2019,30-06-2019,HDFC BANK LTD,6083,7312,618257,0,12791247,174254,44627028,1038.71061,162385.1352,28358262,38105538,50782996,195912.5592,74933.05277
June,2019,6,01-06-2019,30-06-2019,ICICI BANK LTD,5219,9882,415463,0,7211154,50336,24069058,181.974289,64729.87157,44868884,33761075,41436398,171522.8173,61768.58793
July,2019,7,01-07-2019,31-07-2019,BANK OF BARODA,9388,3846,66494,0,353114,20238,886837,864.8662558,18930.89686,75194532,32145143,18132895,1212531.81,226563.038
July,2019,7,01-07-2019,31-07-2019,STATE BANK OF INDIA,25793,32841,608542,0,9096320,139672,30868693,5391.58512,1120285.386,297610598,379148480,120758113,10778635.83,1719644.323
July,2019,7,01-07-2019,31-07-2019,AXIS BANK LTD,5262,11910,497917,0,6365636,101812,17773898,4370.46142,631102.0671,22754410,27801324,28505609,1348949.144,421479.1222
July,2019,7,01-07-2019,31-07-2019,HDFC BANK LTD,6075,7325,656103,0,12976251,183937,48011222,10832.84767,1674048.724,28943050,37984244,51944501,1913117.198,772081.428
July,2019,7,01-07-2019,31-07-2019,ICICI BANK LTD,5200,9881,421639,0,7480120,51910,26568869,1843.36955,686522.1758,44903820,33098252,42056582,1648220.578,623647.3974
August,2019,8,01-08-2019,31-08-2019,BANK OF BARODA,9400,3831,65815,0,371033,20747,942303,863.8862766,19598.76943,76285240,32300901,19509658,1322241.656,261546.1613
August,2019,8,01-08-2019,31-08-2019,STATE BANK OF INDIA,25667,32995,612471,0,9316553,137825,30731537,5326.42035,1090469.638,299386547,376227248,119943764,10763033.54,1647902.866
August,2019,8,01-08-2019,31-08-2019,AXIS BANK LTD,5292,12019,498354,0,6614298,96010,17452053,4131.15135,639859.1368,22800710,28173088,28735959,1386518.635,420330.2931
August,2019,8,01-08-2019,31-08-2019,HDFC BANK LTD,6079,7350,674604,0,13138330,190106,47923500,11369.68421,1685383.53,29452180,39464154,53448447,2006358.948,787792.925
August,2019,8,01-08-2019,31-08-2019,ICICI BANK LTD,5197,9873,429851,0,7691843,48729,25777810,1763.26575,687252.2173,45083640,34114316,42546161,1715138.537,645093.414
